CustomerID,Age,Gender,Tenure_Months,MonthlyCharges,TotalCharges,Churn
CUST_10909,78.0,Male,22,40.67,$894.74,1
CUST_10736,46.0,Female,54,80.14,$4327.56,0
CUST_11040,68.0,Female,61,105.85,$6456.85,0
CUST_10116,33.0,Others,60,148.11,$8886.60,0
CUST_10840,59.0,Male,13,27.08,$352.04,0
CUST_11388,73.0,Female,35,87.16,$3050.60,0
CUST_11244,34.0,Male,37,102.53,$3793.61,0
CUST_10338,24.0,Female,8,125.62,$1004.96,0
CUST_10977,78.0,Female,39,43.92,$1712.88,0
CUST_10835,55.0,Female,66,116.28,$7674.48,0
CUST_11013,52.0,Female,67,133.91,$8971.97,0
CUST_10775,65.0,Female,47,94.16,$4425.52,0
CUST_11368,54.0,Female,26,110.08,$2862.08,0
CUST_10095,71.0,Female,2,49.04,$98.08,0
CUST_10145,52.0,Others,60,61.88,$3712.80,0
CUST_11457,64.0,Female,13,115.59,$1502.67,0
CUST_11278,74.0,Male,35,89.66,$3138.10,0
CUST_10600,70.0,Female,59,59.73,$3524.07,0
CUST_11218,40.0,Female,12,80.68,$968.16,0
CUST_11243,42.0,Female,1,88.52,$88.52,1
CUST_10825,28.0,Male,5,39.05,$195.25,1
CUST_10755,56.0,Female,63,123.47,$7778.61,0
CUST_10206,32.0,Male,68,148.68,$10110.24,0
CUST_10298,61.0,Male,1,56.19,$56.19,1
CUST_11234,27.0,Male,7,57.61,$403.27,0
CUST_10586,67.0,Male,68,149.34,$10155.12,0
CUST_10409,71.0,Male,58,68.1,$3949.80,0
CUST_11112,34.0,Female,65,57.45,$3734.25,0
CUST_11045,18.0,Male,22,144.93,$3188.46,0
CUST_10884,37.0,Female,66,66.32,$4377.12,0
CUST_10608,75.0,Male,65,61.96,$4027.40,0
CUST_10803,69.0,Female,62,60.74,$3765.88,0
CUST_11317,73.0,Male,12,31.81,$381.72,1
CUST_10788,26.0,Female,14,98.65,$1381.10,0
CUST_11207,41.0,Female,8,39.44,$315.52,0
CUST_10438,55.0,Male,13,80.81,$1050.53,0
CUST_11494,46.0,Male,63,132.6,$8353.80,0
CUST_11208,19.0,Female,59,129.55,$7643.45,0
CUST_10370,29.0,Female,30,89.15,$2674.50,0
CUST_10386,73.0,Male,6,107.85,$647.10,0
CUST_11258,51.0,Others,29,108.93,$3158.97,0
CUST_11404,31.0,Male,71,117.48,$8341.08,0
CUST_10191,77.0,Female,69,134.14,$9255.66,0
CUST_10131,62.0,Male,34,105.94,$3601.96,0
CUST_11003,43.0,Female,1,28.2,$28.20,0
CUST_11223,62.0,Male,38,128.73,$4891.74,0
CUST_11020,34.0,Female,12,31.72,$380.64,1
CUST_10194,49.0,Female,13,95.16,$1237.08,0
CUST_10673,18.0,Male,4,109.45,$437.80,1
CUST_10894,79.0,Female,70,111.75,$7822.50,0
CUST_11429,78.0,Others,13,113.97,$1481.61,1
CUST_10838,30.0,Male,68,117.46,$7987.28,0
CUST_11399,46.0,Male,42,35.53,$1492.26,0
CUST_10287,45.0,Male,19,74.78,$1420.82,1
CUST_11232,54.0,Male,13,143.85,NULL_SYSTEM_ERROR,1
CUST_10717,40.0,Female,47,523.6800000000001,$2051.08,1
CUST_10023,19.0,Male,8,72.07,,0
CUST_10742,74.0,Female,32,141.92,$4541.44,0
CUST_10733,67.0,Female,39,138.19,$5389.41,0
CUST_11247,42.0,Female,70,121.0,$8470.00,0
CUST_10782,53.0,Female,68,122.23,,0
CUST_10280,66.0,Male,24,72.45,$1738.80,1
CUST_10381,33.0,Others,18,31.32,$563.76,0
CUST_10776,42.0,Female,55,90.06,$4953.30,0
CUST_10965,34.0,Male,10,69.57,$695.70,1
CUST_10444,44.0,Others,54,78.7,$4249.80,0
CUST_10283,76.0,Female,30,36.42,$1092.60,0
CUST_10059,38.0,Male,8,141.05,$1128.40,1
CUST_11083,55.0,Female,19,32.02,$608.38,0
CUST_11107,22.0,Male,67,141.35,$9470.45,0
CUST_11382,79.0,Male,45,112.61,$5067.45,0
CUST_10085,53.0,Female,39,35.94,$1401.66,0
CUST_10765,30.0,Female,57,99.75,$5685.75,0
CUST_10269,79.0,Female,31,52.51,$1627.81,0
CUST_10738,53.0,Male,16,58.06,$928.96,0
CUST_10862,53.0,Female,69,96.47,$6656.43,0
CUST_11380,66.0,Female,62,142.34,$8825.08,0
CUST_10092,71.0,Male,3,104.64,$313.92,0
CUST_10569,61.0,Female,6,136.41,$818.46,1
CUST_11063,18.0,Male,22,140.27,$3085.94,0
CUST_11311,21.0,Male,69,136.28,$9403.32,0
CUST_10030,38.0,Female,54,143.56,$7752.24,0
CUST_10865,48.0,Female,49,76.14,$3730.86,0
CUST_10504,44.0,Male,25,28.09,$702.25,1
CUST_10432,39.0,Male,28,120.21,$3365.88,0
CUST_10604,29.0,Female,34,146.93,$4995.62,0
CUST_11109,21.0,Female,58,118.3,,0
CUST_10955,75.0,Female,34,41.62,$1415.08,1
CUST_11460,69.0,,40,64.5,$2580.00,0
CUST_11480,76.0,Female,39,72.25,$2817.75,0
CUST_10905,61.0,Female,22,32.61,$717.42,0
CUST_11100,32.0,Female,26,127.2,$3307.20,0
CUST_10686,,Male,24,99.1,$2378.40,0
CUST_11009,30.0,Male,29,100.0,$2900.00,0
CUST_11365,19.0,Male,66,145.26,$9587.16,0
CUST_11265,59.0,Female,48,78.25,$3756.00,0
CUST_11096,74.0,Male,64,133.65,$8553.60,0
CUST_10526,75.0,Female,9,65.73,$591.57,1
CUST_10461,61.0,Female,65,36.66,$2382.90,0
CUST_11153,75.0,,45,126.01,$5670.45,0
CUST_11278,74.0,Male,35,89.66,$3138.10,0
CUST_10834,78.0,Female,69,145.2,$10018.80,0
CUST_10318,,Male,60,122.52,$7351.20,0
CUST_10544,49.0,Female,68,136.4,$9275.20,0
CUST_11427,,Male,49,46.82,$2294.18,0
CUST_10426,34.0,Female,21,28.75,$603.75,1
CUST_10105,48.0,Female,23,92.88,$2136.24,0
CUST_10589,47.0,Female,64,109.21,$6989.44,0
CUST_10564,54.0,Female,15,128.72,$1930.80,1
CUST_10714,68.0,Female,61,149.45,$9116.45,0
CUST_11389,28.0,Male,51,47.3,,0
CUST_10724,43.0,Female,58,95.86,$5559.88,0
CUST_10290,54.0,Male,71,107.26,$7615.46,0
CUST_11363,30.0,Male,37,125.7,$4650.90,0
CUST_10250,,Male,64,53.94,$3452.16,0
CUST_10040,,Female,55,120.05,$6602.75,0
CUST_11119,51.0,Female,32,94.23,NULL_SYSTEM_ERROR,0
CUST_11330,22.0,Male,54,94.19,$5086.26,0
CUST_10412,78.0,Male,60,40.26,$2415.60,0
CUST_10081,64.0,Female,51,70.74,$3607.74,0
CUST_10892,30.0,Female,10,138.99,$1389.90,0
CUST_10495,57.0,Female,27,109.11,$2945.97,0
CUST_10101,27.0,Male,45,139.12,$6260.40,0
CUST_10409,71.0,Male,58,68.1,$3949.80,0
CUST_10207,60.0,Male,1,96.8,$96.80,1
CUST_10999,64.0,Female,7,120.65,$844.55,0
CUST_10685,49.0,Female,67,109.8,$7356.60,0
CUST_10522,42.0,Male,29,56.7,$1644.30,0
CUST_10507,43.0,Female,58,129.98,$7538.84,0
CUST_11488,53.0,Female,54,93.44,$5045.76,0
CUST_10123,42.0,Female,63,59.12,$3724.56,0
CUST_11073,64.0,Others,39,54.13,$2111.07,0
CUST_10305,72.0,Female,1,128.56,NULL_SYSTEM_ERROR,0
CUST_11133,72.0,Female,41,113.88,$4669.08,0
CUST_10607,75.0,Female,8,31.01,$248.08,0
CUST_10735,28.0,Female,22,49.61,$1091.42,0
CUST_10254,54.0,Female,47,64.96,$3053.12,0
CUST_10117,62.0,Female,32,142.37,$4555.84,0
CUST_10237,79.0,Male,70,56.22,$3935.40,0
CUST_10094,21.0,Male,40,106.67,$4266.80,0
CUST_10397,79.0,Male,34,93.43,$3176.62,0
CUST_10649,43.0,Female,10,87.41,$874.10,0
CUST_10072,19.0,Male,28,49.98,$1399.44,0
CUST_11410,22.0,Male,32,118.5,$3792.00,0
CUST_11306,23.0,Male,48,134.58,$6459.84,0
CUST_10548,42.0,Female,47,43.53,$2045.91,0
CUST_10467,23.0,Female,10,120.73,$1207.30,1
CUST_11476,39.0,Female,48,130.71,$6274.08,0
CUST_10260,32.0,Male,19,91.46,$1737.74,0
CUST_10155,24.0,Male,34,85.73,$2914.82,0
CUST_10498,67.0,Female,59,104.18,$6146.62,0
CUST_10394,55.0,Male,19,51.07,$970.33,0
CUST_10379,36.0,Male,57,36.24,$2065.68,0
CUST_11019,45.0,Female,68,66.02,$4489.36,0
CUST_10057,68.0,Female,45,59.81,$2691.45,0
CUST_11058,71.0,Female,45,141.56,$6370.20,0
CUST_10151,56.0,Female,38,100.47,$3817.86,0
CUST_11270,43.0,Female,61,98.31,$5996.91,0
CUST_10968,70.0,Male,36,89.03,$3205.08,0
CUST_10818,48.0,Male,12,39.34,$472.08,0
CUST_10178,20.0,Male,42,122.5,$5145.00,0
CUST_11282,38.0,Female,30,408.36,$1020.90,1
CUST_10580,52.0,Female,50,108.33,$5416.50,0
CUST_11054,43.0,Male,13,63.48,$825.24,1
CUST_10804,76.0,Male,19,109.05,$2071.95,1
CUST_10610,64.0,Female,39,90.4,$3525.60,0
CUST_11025,20.0,Male,25,32.96,$824.00,1
CUST_10538,68.0,Female,26,87.37,$2271.62,1
CUST_10172,52.0,Female,51,112.46,$5735.46,0
CUST_10908,62.0,Female,21,70.21,$1474.41,1
CUST_10147,50.0,Male,35,38.38,$1343.30,1
CUST_11428,68.0,Male,36,113.43,$4083.48,0
CUST_11356,73.0,Male,20,85.59,$1711.80,1
CUST_10349,74.0,Female,19,59.71,$1134.49,0
CUST_10218,59.0,Male,28,534.0,$1246.00,1
CUST_10038,66.0,Male,59,112.81,$6655.79,0
CUST_11426,31.0,Male,28,32.16,$900.48,0
CUST_10780,36.0,Male,15,39.19,$587.85,0
CUST_11492,73.0,Female,32,74.16,$2373.12,1
CUST_10682,19.0,Female,15,56.78,$851.70,1
CUST_11449,-15.0,Male,17,132.0,$2244.00,0
CUST_10626,46.0,Female,13,142.7,$1855.10,0
CUST_10137,18.0,Female,37,123.03,$4552.11,0
CUST_10006,25.0,Female,12,56.6,$679.20,0
CUST_11344,31.0,Female,22,80.74,$1776.28,0
CUST_10766,40.0,Male,34,73.14,$2486.76,0
CUST_10033,75.0,Male,49,140.57,$6887.93,0
CUST_11177,26.0,Female,36,52.99,$1907.64,0
CUST_11081,68.0,Others,33,138.94,$4585.02,0
CUST_10157,25.0,Female,56,110.27,$6175.12,0
CUST_10502,40.0,Male,6,99.0,$594.00,1
CUST_10693,50.0,Male,24,101.8,$2443.20,0
CUST_10457,21.0,Female,21,100.31,$2106.51,0
CUST_10134,24.0,Male,37,61.78,$2285.86,0
CUST_10425,,Male,25,148.72,$3718.00,0
CUST_11222,77.0,Male,62,80.9,$5015.80,0
CUST_10842,67.0,Others,7,126.31,$884.17,1
CUST_11195,52.0,Female,3,27.59,$82.77,1
CUST_10751,65.0,Female,52,84.79,$4409.08,0
CUST_10211,49.0,Male,11,118.15,$1299.65,0
CUST_11322,19.0,Female,25,430.68,$897.25,0
CUST_10284,66.0,,57,64.35,$3667.95,0
CUST_10937,74.0,Male,4,26.83,$107.32,1
CUST_10541,45.0,Male,45,105.61,$4752.45,0
CUST_10962,53.0,Female,33,28.08,$926.64,1
CUST_10331,53.0,Female,66,41.31,$2726.46,0
CUST_10486,50.0,Others,29,99.27,$2878.83,0
CUST_10357,24.0,Male,32,143.34,$4586.88,0
CUST_10251,44.0,Male,51,110.17,$5618.67,0
CUST_10816,56.0,Female,16,93.73,$1499.68,1
CUST_10997,35.0,Male,57,124.38,$7089.66,0
CUST_11049,51.0,Female,67,127.57,$8547.19,0
CUST_10851,25.0,,8,106.53,$852.24,0
CUST_10475,,Male,24,65.48,$1571.52,0
CUST_10925,58.0,Female,32,123.84,$3962.88,0
CUST_10288,71.0,Female,8,80.49,$643.92,1
CUST_11017,72.0,Male,69,37.19,$2566.11,0
CUST_11184,73.0,Female,64,130.0,$8320.00,0
CUST_10235,42.0,Male,46,1705.6799999999998,$6538.44,0
CUST_11471,44.0,Male,63,82.2,$5178.60,0
CUST_10236,56.0,Female,12,63.98,$767.76,0
CUST_10130,32.0,Female,39,138.1,$5385.90,0
CUST_11246,37.0,Male,22,84.77,$1864.94,0
CUST_11337,50.0,Female,22,148.22,$3260.84,0
CUST_10912,33.0,Female,28,59.44,$1664.32,1
CUST_11465,46.0,Male,39,32.89,$1282.71,0
CUST_10363,69.0,Female,32,95.78,,0
CUST_10230,79.0,Female,11,27.09,$297.99,0
CUST_10148,76.0,Female,43,80.01,$3440.43,1
CUST_10563,77.0,Male,27,35.13,$948.51,0
CUST_11088,51.0,Male,29,82.82,,0
CUST_10927,31.0,Female,48,79.5,$3816.00,0
CUST_10217,19.0,Male,8,94.66,$757.28,0
CUST_10100,51.0,Female,55,68.8,$3784.00,0
CUST_10715,67.0,Male,3,26.31,$78.93,1
CUST_10582,57.0,Others,28,96.58,$2704.24,0
CUST_10629,29.0,Female,9,140.51,$1264.59,0
CUST_10294,36.0,Female,65,38.45,$2499.25,0
CUST_10175,54.0,Female,59,142.83,$8426.97,0
CUST_10378,52.0,Female,49,35.95,$1761.55,0
CUST_11372,28.0,Female,20,31.72,$634.40,1
CUST_11421,,Male,8,127.71,$1021.68,0
CUST_11117,41.0,Male,3,132.76,$398.28,0
CUST_11074,40.0,Female,47,111.9,$5259.30,0
CUST_10493,75.0,Female,47,85.34,$4010.98,0
CUST_10372,54.0,Male,4,36.65,$146.60,1
CUST_10244,69.0,Female,55,54.89,$3018.95,0
CUST_11478,27.0,Female,16,56.92,$910.72,0
CUST_10463,47.0,,13,41.89,$544.57,0
CUST_11080,28.0,Male,47,149.43,$7023.21,0
CUST_10179,18.0,Female,37,37.34,$1381.58,0
CUST_11390,26.0,Male,37,38.52,$1425.24,0
CUST_10004,32.0,Female,17,71.4,$1213.80,0
CUST_10882,79.0,Male,20,30.41,$608.20,0
CUST_10022,70.0,Female,62,31.69,$1964.78,0
CUST_10662,71.0,Female,21,76.87,$1614.27,0
CUST_10257,59.0,Female,35,145.28,$5084.80,0
CUST_10701,,Female,69,139.47,$9623.43,0
CUST_11172,66.0,Female,9,42.13,$379.17,1
CUST_10129,46.0,Female,24,32.51,$780.24,1
CUST_10645,69.0,Female,1,83.34,$83.34,0
CUST_11484,55.0,,13,75.29,$978.77,0
CUST_10871,44.0,Female,24,142.33,$3415.92,0
CUST_11026,70.0,Male,21,47.14,$989.94,0
CUST_10497,41.0,Female,42,86.57,$3635.94,0
CUST_10677,21.0,Female,41,51.86,NULL_SYSTEM_ERROR,0
CUST_11176,44.0,Female,25,32.68,$817.00,0
CUST_11108,46.0,Male,7,107.6,$753.20,0
CUST_10419,38.0,Others,33,38.2,$1260.60,1
CUST_10971,45.0,Female,46,102.55,$4717.30,0
CUST_10198,78.0,Female,3,28.97,$86.91,0
CUST_10932,71.0,Female,50,47.17,$2358.50,0
CUST_10098,43.0,Others,35,99.95,,0
CUST_10635,74.0,Male,71,141.33,$10034.43,0
CUST_10079,78.0,Female,29,129.38,$3752.02,0
CUST_10330,76.0,Female,66,122.04,$8054.64,0
CUST_11014,18.0,Male,47,123.14,$5787.58,0
CUST_10980,68.0,Male,54,31.81,$1717.74,0
CUST_10518,72.0,Female,59,63.49,$3745.91,0
CUST_10969,37.0,Male,59,110.06,$6493.54,0
CUST_11313,23.0,Male,59,25.48,$1503.32,0
CUST_10667,48.0,Male,47,57.81,$2717.07,0
CUST_10770,47.0,Female,6,58.83,$352.98,0
CUST_10591,34.0,Female,62,63.44,$3933.28,0
CUST_10990,62.0,Female,36,104.51,$3762.36,0
CUST_11445,68.0,Male,24,57.18,$1372.32,0
CUST_10084,34.0,Female,51,78.89,$4023.39,0
CUST_10386,73.0,Male,6,107.85,$647.10,0
CUST_10005,60.0,Female,61,123.21,$7515.81,0
CUST_10047,79.0,Male,11,109.3,$1202.30,0
CUST_10259,41.0,Female,45,118.75,$5343.75,0
CUST_10343,56.0,Female,65,54.37,$3534.05,0
CUST_10992,72.0,Female,18,25.85,$465.30,1
CUST_10642,47.0,Male,53,97.47,,0
CUST_11466,55.0,Male,13,65.58,$852.54,0
CUST_11300,48.0,Female,43,97.7,$4201.10,0
CUST_11056,51.0,Female,46,124.13,$5709.98,0
CUST_10437,55.0,Female,13,79.3,$1030.90,1
CUST_11042,30.0,Others,6,104.79,$628.74,1
CUST_10399,65.0,Female,68,68.32,$4645.76,0
CUST_10332,36.0,Others,13,95.68,$1243.84,1
CUST_10704,27.0,Male,41,49.4,$2025.40,1
CUST_11364,57.0,Female,49,62.46,$3060.54,0
CUST_10240,74.0,Female,26,66.51,,0
CUST_11131,74.0,Female,19,34.13,$648.47,0
CUST_10261,76.0,Male,63,92.22,$5809.86,0
CUST_11464,53.0,Male,63,102.94,$6485.22,0
CUST_11245,30.0,Female,63,84.72,$5337.36,0
CUST_10938,28.0,Female,27,70.05,$1891.35,0
CUST_10015,41.0,Male,48,56.58,$2715.84,0
CUST_10711,63.0,Male,40,125.21,$5008.40,0
CUST_10683,66.0,Female,37,61.93,$2291.41,0
CUST_11452,68.0,Male,55,42.11,$2316.05,0
CUST_10509,57.0,Female,57,125.03,$7126.71,0
CUST_10956,77.0,Female,40,104.81,$4192.40,0
CUST_11051,48.0,Male,57,104.51,$5957.07,1
CUST_10448,50.0,Female,9,100.4,$903.60,0
CUST_10408,19.0,Female,17,147.0,$2499.00,0
CUST_10604,29.0,Female,34,146.93,$4995.62,0
CUST_10407,,Female,37,55.81,$2064.97,0
CUST_11128,28.0,,51,113.2,$5773.20,1
CUST_10813,70.0,Female,7,148.57,$1039.99,0
CUST_10232,75.0,Female,56,34.57,$1935.92,0
CUST_11140,21.0,Male,30,59.31,$1779.30,0
CUST_10350,42.0,,53,29.49,$1562.97,0
CUST_10043,77.0,Male,13,141.9,$1844.70,0
CUST_10907,49.0,Female,48,114.3,$5486.40,0
CUST_10029,77.0,Male,62,54.64,$3387.68,0
CUST_10546,39.0,Female,65,65.34,$4247.10,0
CUST_10625,39.0,Male,67,67.16,$4499.72,0
CUST_10627,72.0,Male,45,91.21,$4104.45,0
CUST_10316,39.0,Female,3,102.42,$307.26,0
CUST_10140,,Male,65,56.18,$3651.70,0
CUST_10616,42.0,Male,28,147.13,$4119.64,0
CUST_10090,79.0,Male,2,61.72,$123.44,0
CUST_10523,41.0,Female,28,119.54,$3347.12,0
CUST_10009,56.0,Male,8,67.19,$537.52,1
CUST_11312,32.0,,63,39.36,$2479.68,0
CUST_10967,50.0,Male,19,30.04,$570.76,0
CUST_10915,28.0,Female,68,98.51,$6698.68,0
CUST_11261,57.0,Female,2,128.1,$256.20,0
CUST_10276,19.0,Female,64,64.13,$4104.32,0
CUST_10841,26.0,Male,54,49.35,$2664.90,1
CUST_10931,70.0,Male,54,128.94,$6962.76,0
CUST_11205,40.0,,54,85.36,$4609.44,0
CUST_10890,18.0,Female,6,80.07,$480.42,1
CUST_10093,59.0,Female,16,99.66,$1594.56,0
CUST_10900,50.0,Male,65,36.41,,0
CUST_10687,37.0,Male,27,43.55,$1175.85,0
CUST_10690,67.0,Female,61,94.79,$5782.19,1
CUST_10154,45.0,Female,8,46.67,$373.36,0
CUST_10241,44.0,Female,48,141.01,$6768.48,0
CUST_10940,27.0,Female,19,73.43,$1395.17,0
CUST_11407,52.0,Male,20,42.57,$851.40,0
CUST_10843,44.0,Male,14,59.08,$827.12,0
CUST_10345,57.0,Female,30,143.53,$4305.90,0
CUST_10911,38.0,Male,25,105.26,$2631.50,0
CUST_10874,36.0,Male,26,106.99,$2781.74,0
CUST_11290,79.0,Male,55,50.88,$2798.40,0
CUST_10901,55.0,Male,26,64.84,$1685.84,0
CUST_10073,37.0,Male,40,31.94,$1277.60,0
CUST_11249,27.0,Female,35,104.16,$3645.60,0
CUST_11259,64.0,Male,71,140.79,$9996.09,0
CUST_10513,71.0,Male,7,148.93,$1042.51,0
CUST_11032,27.0,Male,46,142.95,$6575.70,0
CUST_10695,78.0,Male,67,64.89,$4347.63,0
CUST_11052,25.0,Male,29,75.22,$2181.38,0
CUST_11335,36.0,Male,59,124.54,$7347.86,0
CUST_11069,76.0,Female,36,65.76,$2367.36,0
CUST_10557,69.0,Female,5,108.28,$541.40,0
CUST_10959,,Male,67,42.2,$2827.40,0
CUST_11281,39.0,Male,54,76.55,$4133.70,0
CUST_10631,33.0,Male,27,129.15,$3487.05,0
CUST_11338,37.0,Female,65,123.91,$8054.15,0
CUST_10660,,Male,56,74.62,$4178.72,0
CUST_11451,24.0,Male,57,125.64,$7161.48,0
CUST_10313,69.0,Male,46,80.07,,0
CUST_10470,58.0,Male,47,72.26,$3396.22,0
CUST_11255,53.0,Male,6,140.51,$843.06,1
CUST_10267,69.0,Female,47,138.41,$6505.27,0
CUST_10124,77.0,Female,23,67.68,$1556.64,1
CUST_11333,71.0,Female,5,64.02,$320.10,1
CUST_10858,-15.0,Male,69,121.12,$8357.28,0
CUST_10383,37.0,Female,50,60.92,$3046.00,0
CUST_10487,20.0,Male,43,76.42,$3286.06,0
CUST_10451,50.0,,36,83.87,$3019.32,1
CUST_10125,77.0,Male,48,81.1,$3892.80,0
CUST_10255,50.0,Male,4,79.77,$319.08,0
CUST_11037,26.0,Male,49,148.32,$7267.68,0
CUST_11385,67.0,Female,48,63.68,$3056.64,0
CUST_11154,68.0,Male,66,65.09,$4295.94,0
CUST_11062,29.0,Female,18,113.2,,0
CUST_10275,56.0,Male,42,57.79,$2427.18,0
CUST_11057,71.0,Female,23,147.66,$3396.18,0
CUST_10025,61.0,Female,20,58.17,$1163.40,1
CUST_10547,68.0,Male,49,94.29,$4620.21,0
CUST_10584,33.0,Male,41,125.51,$5145.91,0
CUST_10292,50.0,Male,7,142.9,$1000.30,0
CUST_11171,-15.0,Male,49,143.92,$7052.08,0
CUST_10462,45.0,Male,21,145.48,$3055.08,0
CUST_11151,67.0,Female,57,91.87,$5236.59,0
CUST_10466,70.0,Male,54,142.99,$7721.46,0
CUST_11001,28.0,Male,54,107.21,$5789.34,0
CUST_10208,46.0,Male,63,42.24,$2661.12,0
CUST_10186,26.0,Male,59,122.94,$7253.46,0
CUST_10247,20.0,Male,23,30.51,$701.73,0
CUST_10678,33.0,Male,19,30.25,,0
CUST_10887,78.0,Female,34,49.47,$1681.98,1
CUST_11168,29.0,Female,30,138.02,$4140.60,0
CUST_10661,27.0,Female,51,81.92,$4177.92,0
CUST_10039,44.0,Male,39,101.91,$3974.49,0
CUST_10861,21.0,Male,41,116.27,$4767.07,0
CUST_10559,23.0,Male,54,53.22,$2873.88,0
CUST_11161,78.0,Male,64,58.38,$3736.32,0
CUST_11314,,Male,5,87.75,$438.75,1
CUST_11431,50.0,,26,97.84,$2543.84,0
CUST_11239,39.0,Female,70,39.48,$2763.60,0
CUST_11343,43.0,Male,15,118.1,$1771.50,0
CUST_10050,68.0,Male,1,105.83,$105.83,0
CUST_11416,21.0,Male,40,58.14,$2325.60,1
CUST_11418,62.0,Male,23,49.11,$1129.53,1
CUST_10839,57.0,Male,33,101.53,$3350.49,0
CUST_10403,42.0,Male,49,128.42,$6292.58,0
CUST_10355,59.0,Female,55,132.24,$7273.20,0
CUST_11252,62.0,Male,46,118.21,$5437.66,0
CUST_10045,32.0,Female,11,113.52,$1248.72,0
CUST_11448,,Female,62,88.34,,0
CUST_10650,43.0,Male,59,38.29,$2259.11,0
CUST_10897,66.0,Male,2,76.94,$153.88,1
CUST_10556,66.0,Male,26,73.01,$1898.26,0
CUST_10159,51.0,Female,31,42.14,$1306.34,0
CUST_10365,66.0,Female,50,32.74,$1637.00,0
CUST_10939,29.0,Female,26,100.6,$2615.60,1
CUST_11227,52.0,Others,61,39.78,$2426.58,0
CUST_11028,54.0,Others,63,80.68,$5082.84,0
CUST_10483,38.0,Male,12,39.18,$470.16,0
CUST_10596,72.0,Male,26,93.88,$2440.88,0
CUST_11093,68.0,Male,48,74.59,$3580.32,0
CUST_11118,22.0,Female,29,38.18,$1107.22,0
CUST_10737,73.0,Female,21,49.93,$1048.53,0
CUST_10431,68.0,Male,48,68.98,$3311.04,0
CUST_10297,70.0,Female,37,79.22,$2931.14,0
CUST_10910,64.0,Female,30,56.7,,0
CUST_10253,79.0,Female,51,30.85,$1573.35,0
CUST_11403,,Male,50,128.46,$6423.00,0
CUST_11482,50.0,Female,59,83.28,$4913.52,0
CUST_10684,45.0,Female,1,91.25,$91.25,0
CUST_10070,43.0,Female,36,111.95,$4030.20,0
CUST_10037,42.0,Male,51,121.56,,0
CUST_10830,27.0,Female,33,105.93,$3495.69,0
CUST_10730,21.0,Male,51,48.66,$2481.66,0
CUST_10166,54.0,Female,45,52.24,,0
CUST_10012,40.0,Male,40,67.21,$2688.40,0
CUST_10453,77.0,Male,3,49.38,$148.14,0
CUST_11002,38.0,Male,68,105.2,$7153.60,0
CUST_11325,25.0,Female,11,57.72,$634.92,0
CUST_11126,60.0,Female,65,115.35,$7497.75,0
CUST_10091,23.0,Male,38,30.19,$1147.22,0
CUST_10304,,Male,60,94.93,$5695.80,0
CUST_11323,32.0,Male,14,85.92,$1202.88,0
CUST_10759,79.0,Female,15,71.73,$1075.95,1
CUST_10605,70.0,Male,8,84.27,$674.16,0
CUST_10753,35.0,Female,21,127.45,$2676.45,0
CUST_10189,43.0,Female,22,132.93,$2924.46,0
CUST_11456,32.0,Female,22,60.98,$1341.56,0
CUST_10459,66.0,Female,54,32.63,$1762.02,1
CUST_10014,28.0,Female,35,28.15,$985.25,0
CUST_10641,66.0,Male,45,64.75,$2913.75,0
CUST_11221,64.0,Male,62,49.28,$3055.36,0
CUST_10676,62.0,Female,8,112.27,$898.16,0
CUST_10833,34.0,Male,19,110.91,$2107.29,0
CUST_11454,59.0,Female,56,136.68,$7654.08,0
CUST_10998,49.0,Female,4,65.47,$261.88,0
CUST_11098,50.0,Male,29,83.5,$2421.50,0
CUST_10106,65.0,Female,24,68.36,$1640.64,0
CUST_10243,74.0,Male,70,53.0,,0
CUST_11233,45.0,Female,27,51.24,$1383.48,0
CUST_10226,61.0,Female,45,120.24,,0
CUST_11288,47.0,Female,49,50.27,$2463.23,0
CUST_10575,62.0,Female,3,132.44,$397.32,0
CUST_11209,62.0,Male,57,87.81,$5005.17,0
CUST_10353,48.0,Female,25,77.5,$1937.50,0
CUST_10183,31.0,,68,98.13,$6672.84,0
CUST_11212,,Female,2,147.6,$295.20,0
CUST_11220,60.0,Male,18,112.62,$2027.16,0
CUST_10710,48.0,Female,10,100.42,$1004.20,1
CUST_11225,75.0,Male,38,76.4,$2903.20,0
CUST_10550,79.0,Female,54,126.91,$6853.14,0
CUST_10577,69.0,Male,8,111.83,$894.64,0
CUST_10362,74.0,Female,20,70.51,$1410.20,0
CUST_10764,72.0,Male,39,55.52,$2165.28,0
CUST_10180,22.0,Male,42,34.46,$1447.32,0
CUST_10369,79.0,,22,41.5,$913.00,0
CUST_11003,43.0,Female,1,28.2,$28.20,0
CUST_11112,34.0,Female,65,57.45,$3734.25,0
CUST_11185,47.0,Others,44,67.42,$2966.48,1
CUST_10058,24.0,,69,131.62,$9081.78,0
CUST_10554,75.0,Male,31,94.14,$2918.34,0
CUST_10655,50.0,Female,22,148.23,$3261.06,0
CUST_10565,50.0,Male,61,147.1,$8973.10,0
CUST_10603,26.0,Male,66,129.05,$8517.30,0
CUST_10949,25.0,Female,52,125.96,$6549.92,0
CUST_11253,,Female,50,128.24,$6412.00,0
CUST_11130,64.0,Female,29,55.27,$1602.83,0
CUST_10602,40.0,Female,43,106.49,$4579.07,0
CUST_11048,49.0,Female,42,49.32,$2071.44,0
CUST_11371,26.0,Male,22,78.6,$1729.20,0
CUST_10035,,Male,17,98.74,$1678.58,0
CUST_10325,33.0,Male,40,33.21,$1328.40,0
CUST_10790,45.0,Female,61,81.45,$4968.45,0
CUST_11023,-15.0,Male,56,55.45,$3105.20,0
CUST_11102,47.0,Male,71,131.66,$9347.86,0
CUST_11059,,Male,17,141.73,$2409.41,0
CUST_10422,73.0,,17,91.89,$1562.13,0
CUST_10113,79.0,Others,45,36.12,$1625.40,0
CUST_10620,18.0,Male,66,34.33,$2265.78,0
CUST_10471,54.0,Female,53,42.92,$2274.76,0
CUST_11486,48.0,Male,60,72.86,$4371.60,0
CUST_10758,40.0,Female,66,92.87,$6129.42,0
CUST_10891,20.0,Male,27,64.66,$1745.82,0
CUST_10824,60.0,Male,6,98.46,$590.76,0
CUST_10387,50.0,Female,69,133.83,$9234.27,0
CUST_10731,75.0,Female,57,82.42,$4697.94,0
CUST_10026,47.0,Male,39,94.29,$3677.31,0
CUST_11079,19.0,Female,9,97.83,$880.47,0
CUST_10936,40.0,Male,15,97.37,$1460.55,0
CUST_10342,57.0,Male,39,34.6,$1349.40,1
CUST_11236,74.0,Female,53,116.84,$6192.52,0
CUST_10570,61.0,Female,38,82.98,,0
CUST_10881,45.0,Female,54,84.13,$4543.02,0
CUST_10987,47.0,Male,58,43.4,$2517.20,0
CUST_10347,28.0,Male,13,58.06,$754.78,1
CUST_11077,38.0,Male,28,41.54,$1163.12,0
CUST_11044,79.0,Male,39,132.46,$5165.94,0
CUST_11326,43.0,Male,61,103.03,$6284.83,0
CUST_10488,35.0,,25,40.8,,1
CUST_10367,18.0,Female,53,95.76,$5075.28,1
CUST_10176,64.0,Female,15,35.34,$530.10,0
CUST_11334,21.0,Female,41,115.64,$4741.24,0
CUST_10510,50.0,Female,12,132.88,$1594.56,0
CUST_10873,43.0,Male,22,55.48,$1220.56,0
CUST_11366,37.0,Female,36,91.95,$3310.20,0
CUST_11320,79.0,Male,42,52.07,$2186.94,0
CUST_11031,27.0,Male,55,54.45,,0
CUST_11156,38.0,Male,20,59.93,$1198.60,0
CUST_11498,64.0,Male,28,102.15,$2860.20,0
CUST_11321,74.0,Male,38,134.08,$5095.04,0
CUST_11235,56.0,Female,22,146.2,$3216.40,0
CUST_10036,61.0,Female,21,25.8,$541.80,1
CUST_11419,59.0,Male,11,36.59,$402.49,1
CUST_10439,62.0,Female,31,102.35,$3172.85,0
CUST_10494,20.0,Female,58,122.18,$7086.44,0
CUST_11139,25.0,Female,46,118.78,,0
CUST_10598,54.0,Male,4,60.28,$241.12,0
CUST_10455,,Female,70,122.61,$8582.70,0
CUST_10659,40.0,Male,11,82.18,$903.98,0
CUST_11250,20.0,Female,5,81.29,$406.45,1
CUST_10344,35.0,Male,17,128.77,$2189.09,0
CUST_10622,78.0,Female,48,149.57,$7179.36,0
CUST_10173,18.0,Male,50,76.36,$3818.00,0
CUST_11173,31.0,Male,31,92.2,$2858.20,0
CUST_11053,56.0,Female,37,97.23,$3597.51,0
CUST_10979,35.0,Male,28,66.07,$1849.96,0
CUST_10621,33.0,Female,55,138.47,$7615.85,0
CUST_10789,24.0,Female,34,81.78,$2780.52,0
CUST_11218,40.0,Female,12,80.68,$968.16,0
CUST_11353,50.0,Female,43,52.39,$2252.77,1
CUST_11289,28.0,Female,32,93.19,$2982.08,0
CUST_11078,31.0,Female,24,147.2,$3532.80,0
CUST_11011,51.0,Female,21,93.24,$1958.04,0
CUST_10725,79.0,Female,50,68.94,,0
CUST_11346,54.0,Others,46,32.81,$1509.26,0
CUST_10934,,Male,25,121.58,,0
CUST_10594,45.0,Female,19,54.07,$1027.33,1
CUST_10430,76.0,Male,17,46.13,$784.21,0
CUST_10307,73.0,Female,35,112.09,NULL_SYSTEM_ERROR,0
CUST_10966,26.0,Others,38,138.97,$5280.86,0
CUST_11124,79.0,Female,28,116.61,$3265.08,0
CUST_10567,70.0,Male,46,35.96,$1654.16,0
CUST_11215,24.0,Male,11,134.8,$1482.80,0
CUST_11319,68.0,Female,4,87.4,,1
CUST_10404,,Female,70,98.1,$6867.00,0
CUST_11423,25.0,Male,60,123.99,$7439.40,0
CUST_11354,23.0,Male,12,39.11,$469.32,1
CUST_11039,18.0,Female,39,35.25,$1374.75,0
CUST_10664,53.0,Male,19,41.92,$796.48,0
CUST_10756,49.0,Male,51,60.42,$3081.42,0
CUST_11260,25.0,Male,18,102.4,$1843.20,0
CUST_10227,61.0,Female,47,122.69,$5766.43,0
CUST_10866,36.0,Male,71,831.5999999999999,$4920.30,0
CUST_10491,,Others,28,125.84,$3523.52,0
CUST_10233,72.0,Female,20,77.6,$1552.00,0
CUST_11381,22.0,Female,7,86.55,$605.85,1
CUST_10264,49.0,Female,59,61.0,$3599.00,0
CUST_11090,47.0,Female,13,40.24,$523.12,1
CUST_10275,56.0,Male,42,57.79,$2427.18,0
CUST_11092,44.0,Female,34,32.89,$1118.26,1
CUST_11309,45.0,Female,55,99.92,$5495.60,0
CUST_11226,55.0,Female,67,107.92,$7230.64,0
CUST_10445,51.0,Male,56,59.87,$3352.72,0
CUST_10732,70.0,Male,47,119.02,,0
CUST_10976,52.0,Female,6,135.79,$814.74,0
CUST_11294,41.0,Female,10,74.66,$746.60,0
CUST_10042,45.0,Female,39,113.01,$4407.39,0
CUST_11316,47.0,Male,21,97.37,$2044.77,0
CUST_11340,29.0,Female,71,67.4,$4785.40,0
CUST_11000,66.0,Female,61,42.9,$2616.90,0
CUST_11329,61.0,Female,55,139.65,$7680.75,0
CUST_10415,50.0,Female,47,134.39,$6316.33,0
CUST_11475,21.0,Male,71,82.1,$5829.10,0
CUST_10568,77.0,Female,69,33.23,$2292.87,0
CUST_11251,58.0,Others,60,91.39,$5483.40,0
CUST_10961,58.0,Male,58,137.9,$7998.20,0
CUST_10285,19.0,,47,30.38,$1427.86,0
CUST_10539,40.0,Male,25,64.78,$1619.50,1
CUST_10991,,Female,37,74.79,$2767.23,0
CUST_11094,51.0,Others,48,84.25,$4044.00,0
CUST_11468,50.0,Female,9,67.16,$604.44,1
CUST_10722,43.0,Female,69,26.61,$1836.09,0
CUST_10420,65.0,Female,24,30.66,$735.84,0
CUST_10907,49.0,Female,48,114.3,$5486.40,0
CUST_10545,40.0,Female,28,26.7,$747.60,1
CUST_10920,36.0,Female,1,61.97,$61.97,0
CUST_11110,27.0,Female,49,63.95,$3133.55,0
CUST_11043,21.0,Female,35,63.39,$2218.65,0
CUST_11295,72.0,Male,25,55.69,$1392.25,1
CUST_11104,59.0,Male,69,42.17,$2909.73,0
CUST_10599,,Male,29,62.26,$1805.54,1
CUST_11305,48.0,Male,20,35.12,$702.40,0
CUST_10941,49.0,Male,17,132.93,$2259.81,0
CUST_11280,70.0,Female,21,49.92,$1048.32,1
CUST_10876,79.0,Male,55,64.38,$3540.90,0
CUST_11132,40.0,Female,66,118.0,$7788.00,0
CUST_10918,53.0,Male,9,126.05,$1134.45,1
CUST_10482,78.0,Female,17,112.67,$1915.39,1
CUST_10566,25.0,Others,21,75.59,$1587.39,0
CUST_10745,54.0,Female,9,26.82,$241.38,0
CUST_11428,68.0,Male,36,113.43,$4083.48,0
CUST_11216,20.0,Male,2,144.06,,0
CUST_10291,49.0,Male,30,26.01,$780.30,0
CUST_10614,71.0,Female,37,106.62,$3944.94,0
CUST_11030,54.0,Female,25,110.33,$2758.25,0
CUST_11142,21.0,Female,18,35.15,$632.70,0
CUST_10783,29.0,Female,18,127.79,$2300.22,0
CUST_11148,44.0,Male,6,121.65,$729.90,0
CUST_11038,,Female,58,99.73,$5784.34,0
CUST_10828,29.0,Male,69,79.63,$5494.47,0
CUST_10360,43.0,Male,54,55.98,$3022.92,0
CUST_10643,63.0,Male,68,68.2,$4637.60,0
CUST_10473,46.0,Male,13,83.01,,0
CUST_10885,45.0,Male,30,118.09,,0
CUST_10072,19.0,Male,28,49.98,$1399.44,0
CUST_11254,64.0,Male,48,112.07,$5379.36,0
CUST_10681,72.0,Female,68,39.56,$2690.08,0
CUST_10203,40.0,Male,21,28.41,,1
CUST_11150,49.0,Female,36,28.97,$1042.92,1
CUST_10329,77.0,Male,60,139.62,$8377.20,0
CUST_10805,38.0,Female,43,46.23,$1987.89,1
CUST_11029,70.0,Female,52,35.53,$1847.56,0
CUST_10155,24.0,Male,34,85.73,$2914.82,0
CUST_11433,32.0,Female,64,40.18,$2571.52,0
CUST_10699,29.0,Male,53,64.38,$3412.14,0
CUST_10943,25.0,Male,41,61.69,$2529.29,0
CUST_10663,22.0,Male,26,116.31,$3024.06,0
CUST_11178,43.0,Female,8,70.41,$563.28,0
CUST_11420,42.0,Male,64,91.53,$5857.92,0
CUST_11279,50.0,Male,59,76.64,$4521.76,0
CUST_10013,28.0,Female,14,148.57,$2079.98,0
CUST_10485,40.0,Male,24,47.93,$1150.32,1
CUST_11036,31.0,Male,36,125.41,$4514.76,0
CUST_10904,75.0,Female,59,96.73,$5707.07,0
CUST_10638,45.0,Male,35,71.25,$2493.75,0
CUST_11201,39.0,Male,42,84.57,$3551.94,0
CUST_10221,74.0,Female,36,139.11,$5007.96,0
CUST_10857,34.0,Female,58,104.1,$6037.80,0
CUST_10734,62.0,Female,16,129.42,$2070.72,0
CUST_10149,22.0,Female,11,116.21,$1278.31,0
CUST_10122,43.0,Female,41,113.77,$4664.57,0
CUST_10427,50.0,Male,12,80.57,$966.84,0
CUST_10161,65.0,Female,50,104.03,$5201.50,0
CUST_11439,72.0,Female,46,56.1,$2580.60,0
CUST_11291,79.0,Female,58,93.0,$5394.00,0
CUST_11257,39.0,Female,59,95.23,$5618.57,0
CUST_10169,57.0,,27,38.23,$1032.21,0
CUST_10928,,Male,38,99.26,$3771.88,0
CUST_10795,75.0,Male,49,110.07,$5393.43,0
CUST_11318,55.0,Male,50,64.26,$3213.00,0
CUST_10920,36.0,Female,1,61.97,$61.97,0
CUST_10380,65.0,Female,26,49.16,$1278.16,0
CUST_10341,50.0,Male,53,66.95,$3548.35,0
CUST_10078,61.0,Male,63,132.06,$8319.78,0
CUST_11264,36.0,Female,38,55.23,$2098.74,0
CUST_10785,58.0,Male,35,90.61,$3171.35,0
CUST_10111,77.0,Female,18,64.15,$1154.70,0
CUST_10536,31.0,Female,71,140.53,$9977.63,0
CUST_10390,28.0,Female,29,85.55,$2480.95,0
CUST_11169,43.0,Female,2,33.58,$67.16,0
CUST_10512,60.0,Female,43,131.45,$5652.35,0
CUST_10831,75.0,Male,62,130.47,$8089.14,0
CUST_10068,75.0,Female,68,48.64,$3307.52,0
CUST_10249,23.0,Female,27,106.03,$2862.81,0
CUST_10743,53.0,Male,59,83.26,,0
CUST_11383,77.0,Female,59,131.94,$7784.46,0
CUST_10492,71.0,Female,16,130.25,$2084.00,0
CUST_10679,41.0,Female,46,70.46,$3241.16,0
CUST_11497,46.0,Male,67,68.77,$4607.59,0
CUST_10947,45.0,Male,39,113.38,$4421.82,0
CUST_11370,34.0,Male,43,88.87,$3821.41,0
CUST_10197,69.0,Male,51,124.2,$6334.20,0
CUST_10593,36.0,Male,18,124.56,$2242.08,1
CUST_10289,40.0,Female,26,136.7,$3554.20,0
CUST_10719,43.0,Female,38,102.24,$3885.12,0
CUST_10020,20.0,Male,49,102.93,$5043.57,0
CUST_11298,20.0,Male,29,38.94,$1129.26,0
CUST_10144,25.0,Female,29,119.68,$3470.72,0
CUST_10750,52.0,Female,48,26.79,$1285.92,0
CUST_11462,56.0,Female,15,30.12,$451.80,0
CUST_11193,25.0,Female,17,60.45,$1027.65,0
CUST_10576,49.0,Male,6,99.04,,0
CUST_11358,22.0,Female,3,72.56,$217.68,1
CUST_11406,47.0,Female,34,39.89,$1356.26,0
CUST_11348,28.0,Male,50,97.93,$4896.50,0
CUST_10812,62.0,Male,57,27.78,$1583.46,0
CUST_10668,27.0,Others,71,90.66,$6436.86,0
CUST_10826,35.0,Male,57,66.5,$3790.50,0
CUST_11027,40.0,Others,61,25.64,$1564.04,0
CUST_11065,61.0,Female,30,63.03,$1890.90,0
CUST_11113,27.0,Male,62,25.21,$1563.02,0
CUST_10054,74.0,Male,12,121.69,,1
CUST_11401,28.0,Male,19,110.05,$2090.95,0
CUST_11198,32.0,Female,36,133.08,,0
CUST_10707,46.0,Male,54,148.47,$8017.38,0
CUST_10984,19.0,Female,59,104.0,$6136.00,0
CUST_11422,57.0,Male,56,37.67,$2109.52,0
CUST_11127,65.0,Female,41,53.98,$2213.18,0
CUST_11400,25.0,Male,29,69.51,$2015.79,0
CUST_11091,32.0,Male,1,76.98,$76.98,0
CUST_11066,22.0,Male,32,42.41,$1357.12,0
CUST_10669,75.0,Male,26,38.9,$1011.40,0
CUST_10075,64.0,,41,106.44,$4364.04,0
CUST_10508,34.0,Male,7,40.94,$286.58,0
CUST_11105,68.0,Female,26,59.61,$1549.86,0
CUST_10606,18.0,Male,13,33.34,$433.42,1
CUST_11436,34.0,Others,2,66.05,$132.10,0
CUST_11163,38.0,Male,59,132.35,$7808.65,0
CUST_10277,20.0,Male,21,129.56,$2720.76,0
CUST_10856,69.0,Others,6,32.4,$194.40,0
CUST_10520,52.0,Female,67,101.81,$6821.27,0
CUST_10391,66.0,Male,28,111.73,$3128.44,0
CUST_10239,18.0,Others,19,102.4,$1945.60,0
CUST_10246,58.0,Male,62,121.7,$7545.40,0
CUST_11425,57.0,Female,39,85.28,$3325.92,0
CUST_10364,77.0,Female,14,25.78,$360.92,0
CUST_10205,62.0,Female,11,52.28,$575.08,1
CUST_10185,,Female,29,136.96,$3971.84,0
CUST_11179,74.0,Male,58,79.83,$4630.14,0
CUST_10212,24.0,Male,51,34.55,$1762.05,0
CUST_11248,21.0,Female,21,103.57,$2174.97,0
CUST_10401,42.0,Male,51,40.7,$2075.70,0
CUST_10902,70.0,Male,10,38.08,$380.80,0
CUST_11231,72.0,Male,21,48.25,$1013.25,1
CUST_10810,74.0,Female,2,106.62,$213.24,1
CUST_10468,52.0,Male,53,25.68,$1361.04,0
CUST_10418,31.0,Female,13,93.2,$1211.60,0
CUST_11219,63.0,Female,23,99.03,$2277.69,0
CUST_11377,52.0,Male,55,42.3,$2326.50,1
CUST_10837,63.0,Male,39,103.84,$4049.76,0
CUST_10335,36.0,Female,34,115.53,$3928.02,0
CUST_10914,38.0,Male,45,40.21,$1809.45,0
CUST_10366,-15.0,Female,28,91.92,$2573.76,0
CUST_11191,53.0,Others,29,139.48,$4044.92,0
CUST_10757,41.0,Others,36,129.65,$4667.40,0
CUST_11123,30.0,Female,54,119.11,$6431.94,0
CUST_11408,38.0,Female,50,60.81,$3040.50,0
CUST_11087,67.0,Female,65,45.93,$2985.45,0
CUST_11024,55.0,Female,23,63.26,$1454.98,0
CUST_10778,30.0,Female,65,50.23,$3264.95,0
CUST_10034,,Male,41,123.23,$5052.43,0
CUST_10192,30.0,Female,37,123.69,,0
CUST_10168,61.0,Male,26,97.68,$2539.68,0
CUST_10311,41.0,Female,9,132.15,$1189.35,0
CUST_10555,39.0,Female,46,126.53,$5820.38,0
CUST_11266,58.0,Others,27,145.97,$3941.19,0
CUST_10612,49.0,Male,44,74.9,$3295.60,0
CUST_10726,51.0,Female,30,101.3,$3039.00,0
CUST_10477,48.0,Female,14,106.53,$1491.42,0
CUST_11183,64.0,Male,58,92.13,$5343.54,0
CUST_10793,69.0,Male,29,124.56,$3612.24,0
CUST_10358,,Female,62,122.7,$7607.40,0
CUST_11210,43.0,Female,40,26.8,$1072.00,0
CUST_10530,62.0,Female,15,110.58,$1658.70,0
CUST_11076,54.0,Female,15,132.94,$1994.10,0
CUST_10972,65.0,Female,3,125.47,$376.41,0
CUST_10400,79.0,Male,15,75.96,$1139.40,0
CUST_10108,25.0,Female,28,124.31,$3480.68,0
CUST_10352,40.0,Male,57,51.71,$2947.47,0
CUST_10440,68.0,Female,2,108.17,$216.34,0
CUST_10525,77.0,Female,4,140.54,$562.16,0
CUST_11144,42.0,Male,48,117.39,$5634.72,0
CUST_10777,39.0,Female,64,149.32,$9556.48,0
CUST_11072,65.0,Male,11,132.81,$1460.91,0
CUST_10639,22.0,Male,17,93.81,$1594.77,0
CUST_10224,45.0,Male,11,42.45,$466.95,0
CUST_11214,68.0,Male,44,87.96,$3870.24,0
CUST_11180,64.0,Male,45,147.19,$6623.55,0
CUST_10160,50.0,Female,4,116.74,$466.96,0
CUST_10220,79.0,Others,17,69.79,$1186.43,0
CUST_10794,36.0,Male,6,119.59,$717.54,0
CUST_10504,44.0,Male,25,28.09,$702.25,1
CUST_10143,34.0,Male,19,69.6,$1322.40,0
CUST_10393,53.0,Male,65,52.03,$3381.95,0
CUST_10516,46.0,Male,8,149.3,$1194.40,0
CUST_10772,66.0,Female,3,84.3,$252.90,0
CUST_11262,66.0,Male,8,111.1,$888.80,0
CUST_10153,58.0,,69,127.81,,0
CUST_10537,29.0,Female,57,82.58,$4707.06,0
CUST_11427,,Male,49,46.82,$2294.18,0
CUST_11286,65.0,Male,31,70.05,$2171.55,0
CUST_10120,70.0,Male,28,45.61,$1277.08,0
CUST_10396,37.0,Male,27,138.85,$3748.95,0
CUST_10511,26.0,Male,16,43.84,$701.44,0
CUST_10823,46.0,Female,17,50.97,$866.49,0
CUST_10532,18.0,Female,28,129.66,$3630.48,0
CUST_11060,76.0,Male,66,75.28,$4968.48,0
CUST_11412,76.0,Male,15,113.04,$1695.60,0
CUST_11064,71.0,Male,33,42.75,$1410.75,0
CUST_10417,50.0,Male,21,42.64,$895.44,1
CUST_11145,20.0,Male,66,110.81,$7313.46,0
CUST_10761,54.0,Female,70,26.54,$1857.80,1
CUST_10282,34.0,Female,56,60.71,$3399.76,0
CUST_10021,39.0,Female,46,100.04,$4601.84,0
CUST_10721,46.0,Female,41,134.23,$5503.43,0
CUST_10727,68.0,Male,62,28.01,$1736.62,0
CUST_10055,20.0,Female,61,40.43,$2466.23,1
CUST_11336,37.0,Male,54,129.12,$6972.48,0
CUST_10158,29.0,Female,65,143.74,$9343.10,0
CUST_10583,69.0,Male,70,57.09,$3996.30,0
CUST_10817,31.0,Female,51,145.39,$7414.89,0
CUST_11481,27.0,Male,68,147.65,$10040.20,0
CUST_11120,23.0,Female,26,89.12,$2317.12,1
CUST_10748,52.0,Female,17,45.58,$774.86,0
CUST_11137,71.0,Male,11,38.5,$423.50,0
CUST_10658,54.0,Male,69,102.05,$7041.45,0
CUST_10010,75.0,Male,65,116.18,$7551.70,0
CUST_10053,69.0,Female,61,83.54,$5095.94,0
CUST_11413,31.0,Female,3,141.07,$423.21,0
CUST_10749,66.0,Female,68,76.89,$5228.52,0
CUST_11267,54.0,Male,20,107.22,$2144.40,0
CUST_10680,33.0,Female,28,37.32,$1044.96,0
CUST_10675,22.0,Female,15,102.5,$1537.50,1
CUST_10209,53.0,Female,24,111.1,$2666.40,0
CUST_11345,55.0,Male,47,27.5,$1292.50,0
CUST_10922,74.0,Male,36,65.93,$2373.48,0
CUST_10809,33.0,Female,23,76.71,$1764.33,0
CUST_10231,28.0,Others,5,109.9,$549.50,0
CUST_10590,36.0,Male,59,120.94,$7135.46,0
CUST_10657,47.0,Female,68,101.75,,0
CUST_10517,59.0,Female,45,100.69,$4531.05,0
CUST_10182,72.0,Female,6,36.52,$219.12,0
CUST_11068,47.0,Male,10,63.29,$632.90,1
CUST_10534,63.0,Female,17,40.78,$693.26,0
CUST_10456,36.0,Male,44,123.93,$5452.92,0
CUST_10041,59.0,Male,41,89.12,$3653.92,0
CUST_10469,77.0,Female,44,25.17,$1107.48,0
CUST_11477,19.0,Male,18,39.28,$707.04,0
CUST_10832,61.0,Female,50,65.62,$3281.00,0
CUST_10499,49.0,Male,47,125.69,$5907.43,0
CUST_10921,37.0,Male,10,56.97,$569.70,0
CUST_11411,36.0,Female,52,129.57,$6737.64,0
CUST_10048,64.0,Female,46,120.36,$5536.56,0
CUST_10303,,Female,5,135.54,$677.70,0
CUST_11041,62.0,Male,9,103.12,$928.08,0
CUST_10763,66.0,Male,23,117.79,$2709.17,0
CUST_10893,45.0,Female,48,32.62,$1565.76,0
CUST_10741,,Female,42,52.27,$2195.34,0
CUST_10942,33.0,Male,43,63.6,$2734.80,0
CUST_11402,58.0,Female,11,59.27,$651.97,0
CUST_10573,21.0,Female,46,64.79,$2980.34,0
CUST_10310,55.0,Others,23,51.36,$1181.28,1
CUST_11206,31.0,Female,16,51.54,$824.64,1
CUST_11373,32.0,Female,8,27.76,$222.08,0
CUST_11197,69.0,Female,64,30.34,$1941.76,0
CUST_10946,41.0,Male,40,94.68,,0
CUST_11188,78.0,Female,71,64.33,$4567.43,0
CUST_10880,67.0,Female,41,56.82,$2329.62,0
CUST_10273,29.0,Male,54,64.71,$3494.34,0
CUST_10847,46.0,Others,29,33.5,$971.50,0
CUST_11396,57.0,Male,49,97.99,$4801.51,0
CUST_10515,56.0,Others,32,123.1,$3939.20,0
CUST_11106,34.0,Female,49,30.76,$1507.24,0
CUST_10450,64.0,Female,7,56.7,$396.90,1
CUST_10187,32.0,Female,47,112.46,$5285.62,0
CUST_10195,56.0,Male,34,55.78,$1896.52,0
CUST_10506,,,55,93.34,$5133.70,0
CUST_10351,67.0,Male,19,140.86,$2676.34,0
CUST_10587,77.0,Female,48,36.56,$1754.88,0
CUST_10414,,Female,10,106.01,$1060.10,0
CUST_10478,52.0,Male,10,56.39,$563.90,1
CUST_10767,42.0,Female,41,131.85,,0
CUST_10519,43.0,Male,4,129.69,$518.76,0
CUST_10119,,Male,67,49.81,$3337.27,0
CUST_10309,34.0,Female,63,54.24,$3417.12,0
CUST_10988,67.0,Female,60,50.82,$3049.20,0
CUST_10354,47.0,Male,31,26.21,$812.51,0
CUST_11175,62.0,Male,48,78.52,$3768.96,0
CUST_10581,72.0,Female,11,39.95,$439.45,0
CUST_11202,31.0,Male,61,117.24,$7151.64,0
CUST_10888,58.0,Female,22,89.15,$1961.30,0
CUST_11438,64.0,,11,28.1,$309.10,1
CUST_10346,18.0,Male,53,63.08,$3343.24,0
CUST_10376,26.0,Female,31,64.69,$2005.39,1
CUST_10312,22.0,Male,34,127.55,$4336.70,0
CUST_10666,69.0,Male,71,47.56,$3376.76,0
CUST_10340,58.0,Male,27,44.95,,0
CUST_11394,52.0,Male,53,48.97,$2595.41,0
CUST_10857,34.0,Female,58,104.1,$6037.80,0
CUST_10561,71.0,Male,50,85.01,$4250.50,0
CUST_10821,52.0,Male,27,31.37,$846.99,0
CUST_10528,74.0,Female,56,80.3,$4496.80,0
CUST_10652,38.0,Others,5,142.63,$713.15,0
CUST_11296,26.0,Male,68,126.54,$8604.72,0
CUST_11165,18.0,Female,62,144.26,$8944.12,0
CUST_10324,23.0,Female,66,597.12,$3284.16,0
CUST_10156,26.0,Male,48,39.62,$1901.76,0
CUST_10954,25.0,Male,48,51.05,$2450.40,0
CUST_10562,60.0,Male,38,42.25,$1605.50,0
CUST_11050,45.0,Female,30,109.58,$3287.40,0
CUST_10424,,Male,47,29.37,$1380.39,0
CUST_11450,20.0,Female,65,118.74,$7718.10,0
CUST_11192,18.0,Male,58,114.74,$6654.92,0
CUST_10167,52.0,Female,4,26.9,$107.60,0
CUST_11170,63.0,Male,62,148.99,$9237.38,0
CUST_10104,31.0,Male,25,109.76,$2744.00,0
CUST_11240,43.0,Male,33,113.24,$3736.92,0
CUST_10162,,Female,69,97.95,$6758.55,0
CUST_10855,39.0,Male,66,96.07,$6340.62,0
CUST_10395,57.0,Female,9,62.05,$558.45,0
CUST_10270,66.0,Male,22,89.78,$1975.16,1
CUST_10118,35.0,,67,81.6,$5467.20,0
CUST_11297,72.0,Female,61,67.85,$4138.85,0
CUST_11397,39.0,Female,17,50.87,$864.79,0
CUST_10016,70.0,Male,56,90.01,$5040.56,0
CUST_10086,67.0,Female,28,60.35,$1689.80,1
CUST_10429,29.0,Male,42,39.66,$1665.72,0
CUST_10293,18.0,Female,67,54.64,$3660.88,0
CUST_11097,55.0,Male,61,1095.1200000000001,$5566.86,0
CUST_10906,62.0,Female,51,28.87,$1472.37,1
CUST_10481,69.0,Male,3,40.25,$120.75,0
CUST_10975,63.0,Male,51,71.74,$3658.74,0
CUST_10146,52.0,Female,18,62.36,$1122.48,1
CUST_10924,64.0,Male,32,47.65,$1524.80,1
CUST_10496,63.0,Female,53,115.53,$6123.09,0
CUST_10827,64.0,Female,28,122.7,$3435.60,0
CUST_10883,75.0,Female,19,112.42,$2135.98,0
CUST_11275,62.0,Male,15,83.91,$1258.65,0
CUST_10069,26.0,Female,33,140.3,$4629.90,0
CUST_10121,41.0,Male,44,55.0,$2420.00,0
CUST_10031,50.0,Female,9,143.08,$1287.72,0
CUST_10087,57.0,Female,3,77.32,$231.96,1
CUST_10442,25.0,Male,9,105.61,$950.49,0
CUST_10535,33.0,Female,59,126.68,NULL_SYSTEM_ERROR,1
CUST_11143,73.0,Male,51,81.53,$4158.03,0
CUST_11277,54.0,Female,13,72.28,$939.64,1
CUST_11479,22.0,Male,55,128.5,$7067.50,0
CUST_10299,43.0,Male,15,93.43,$1401.45,1
CUST_10533,25.0,Female,22,40.92,$900.24,0
CUST_10964,71.0,Male,48,77.03,$3697.44,0
CUST_10503,19.0,Female,7,45.74,$320.18,0
CUST_10171,44.0,Male,64,90.39,$5784.96,0
CUST_11376,72.0,Male,30,73.46,,0
CUST_10279,54.0,Male,41,83.08,NULL_SYSTEM_ERROR,0
CUST_10820,22.0,Female,5,46.19,$230.95,1
CUST_11447,68.0,Male,60,73.19,$4391.40,0
CUST_11339,66.0,Male,64,100.17,$6410.88,1
CUST_11033,36.0,Female,32,133.91,,0
CUST_10265,41.0,Female,69,94.54,$6523.26,0
CUST_10571,22.0,Female,62,65.0,$4030.00,0
CUST_10889,56.0,Male,67,41.31,$2767.77,0
CUST_10709,29.0,Female,57,74.27,,0
CUST_11307,,Male,24,116.11,$2786.64,0
CUST_11082,56.0,Female,62,52.69,$3266.78,0
CUST_10849,55.0,Female,63,144.65,$9112.95,0
CUST_10138,61.0,Male,56,82.8,$4636.80,0
CUST_10461,61.0,Female,65,36.66,$2382.90,0
CUST_10854,18.0,Male,17,102.33,$1739.61,1
CUST_10844,75.0,Male,19,116.45,$2212.55,1
CUST_10801,29.0,Male,13,141.01,$1833.13,0
CUST_11455,69.0,Male,9,73.48,$661.32,0
CUST_10035,,Male,17,98.74,$1678.58,0
CUST_10712,19.0,Female,7,83.69,$585.83,0
CUST_10024,41.0,Female,43,54.01,,0
CUST_10617,57.0,Male,42,93.1,$3910.20,0
CUST_10609,18.0,Female,43,141.57,$6087.51,0
CUST_10165,41.0,Male,67,30.66,$2054.22,0
CUST_10371,22.0,Male,63,591.72,$3106.53,0
CUST_10899,73.0,Female,68,55.32,$3761.76,0
CUST_10978,23.0,Male,60,43.99,$2639.40,0
CUST_11283,23.0,Male,48,96.97,$4654.56,0
CUST_10388,41.0,Male,44,119.89,$5275.16,0
CUST_10436,47.0,Female,71,121.0,$8591.00,0
CUST_10315,23.0,Male,30,72.78,$2183.40,0
CUST_10017,53.0,Male,49,90.24,$4421.76,0
CUST_10895,74.0,Female,59,47.84,$2822.56,0
CUST_10514,65.0,Male,51,115.85,$5908.35,0
CUST_11125,60.0,Female,56,134.52,$7533.12,0
CUST_10804,76.0,Male,19,109.05,$2071.95,1
CUST_10046,79.0,Male,19,84.46,$1604.74,0
CUST_10729,24.0,Female,27,40.89,$1104.03,1
CUST_11194,66.0,Female,16,65.79,$1052.64,1
CUST_10796,64.0,Female,40,45.76,$1830.40,0
CUST_11470,54.0,Male,20,60.17,$1203.40,0
CUST_11224,35.0,Male,67,106.84,$7158.28,1
CUST_10970,30.0,Female,63,141.46,$8911.98,0
CUST_11302,54.0,Female,61,660.36,$3356.83,0
CUST_11303,53.0,Female,43,80.47,$3460.21,0
CUST_11273,73.0,Male,67,114.08,$7643.36,0
CUST_10615,65.0,Male,36,44.24,$1592.64,0
CUST_11463,44.0,Female,15,31.21,$468.15,1
CUST_10110,40.0,Female,54,42.78,$2310.12,0
CUST_11417,42.0,Male,56,112.02,,0
CUST_10877,,Male,39,53.08,$2070.12,0
CUST_10607,75.0,Female,8,31.01,$248.08,0
CUST_11008,66.0,Male,38,35.3,$1341.40,1
CUST_10846,22.0,Male,20,90.24,$1804.80,0
CUST_10141,28.0,Others,47,114.64,NULL_SYSTEM_ERROR,0
CUST_10935,33.0,Female,28,114.36,$3202.08,0
CUST_11430,55.0,,36,137.29,$4942.44,0
CUST_10278,66.0,Male,66,31.28,$2064.48,0
CUST_10948,70.0,Female,23,107.82,$2479.86,0
CUST_10219,62.0,,5,129.32,$646.60,0
CUST_10126,77.0,Female,32,139.15,$4452.80,0
CUST_11204,45.0,Female,11,80.01,$880.11,1
CUST_11181,74.0,Female,62,125.98,$7810.76,0
CUST_10919,52.0,Female,36,101.46,$3652.56,0
CUST_10377,,,34,57.42,$1952.28,1
CUST_10474,66.0,Male,37,142.88,$5286.56,0
CUST_10080,25.0,Male,66,140.92,$9300.72,0
CUST_10829,26.0,Female,59,103.47,$6104.73,1
CUST_10640,64.0,Female,18,123.75,$2227.50,0
CUST_10326,46.0,Female,17,135.89,$2310.13,0
CUST_10443,44.0,Female,38,27.94,$1061.72,1
CUST_11146,49.0,Male,8,126.88,$1015.04,0
CUST_11369,26.0,Female,40,108.34,$4333.60,0
CUST_10056,54.0,Male,33,103.29,$3408.57,0
CUST_10051,61.0,Female,40,53.34,$2133.60,0
CUST_11196,78.0,Female,21,120.11,$2522.31,0
CUST_11474,79.0,Female,60,118.77,$7126.20,0
CUST_11347,79.0,Female,14,73.43,$1028.02,0
CUST_10132,18.0,Female,56,59.13,NULL_SYSTEM_ERROR,0
CUST_11375,55.0,Male,40,66.71,$2668.40,0
CUST_10850,36.0,Male,57,136.27,$7767.39,0
CUST_11103,72.0,,13,109.19,$1419.47,0
CUST_11228,68.0,Male,1,75.19,$75.19,0
CUST_11500,29.0,Others,22,53.92,$1186.24,1
CUST_10136,41.0,Male,68,142.69,$9702.92,0
CUST_10647,29.0,Male,26,45.76,$1189.76,1
CUST_10807,70.0,Male,68,66.39,$4514.52,0
CUST_10697,60.0,Female,57,87.81,$5005.17,0
CUST_10521,67.0,Female,29,97.65,$2831.85,0
CUST_10285,19.0,,47,30.38,$1427.86,0
CUST_10373,49.0,Male,59,76.31,$4502.29,0
CUST_10963,44.0,Female,16,51.18,$818.88,1
CUST_10930,18.0,Male,27,33.42,,1
CUST_11047,57.0,Male,5,36.02,$180.10,1
CUST_11342,18.0,Female,65,30.13,$1958.45,0
CUST_11271,51.0,Female,31,90.76,$2813.56,1
CUST_10814,59.0,Male,56,30.18,$1690.08,0
CUST_10797,33.0,Female,65,32.39,$2105.35,0
CUST_10328,37.0,Female,16,87.11,$1393.76,1
CUST_11409,54.0,Female,10,89.76,$897.60,0
CUST_10773,79.0,Male,63,25.92,$1632.96,0
CUST_11393,,Male,20,65.73,$1314.60,1
CUST_10337,49.0,Male,67,67.57,$4527.19,0
CUST_10302,49.0,Female,8,51.9,$415.20,0
CUST_10674,73.0,Male,23,29.76,,1
CUST_10202,54.0,Female,46,39.46,$1815.16,1
CUST_10989,76.0,Male,40,64.16,$2566.40,0
CUST_11293,48.0,Female,69,131.12,$9047.28,0
CUST_11361,61.0,Others,13,74.47,$968.11,0
CUST_10637,31.0,Male,20,63.4,$1268.00,0
CUST_11166,22.0,Others,4,40.23,$160.92,1
CUST_11458,46.0,,48,129.55,$6218.40,0
CUST_11135,48.0,Female,15,118.67,$1780.05,0
CUST_10300,49.0,Male,37,59.3,$2194.10,0
CUST_11332,43.0,Male,44,78.86,$3469.84,0
CUST_11086,55.0,Male,47,46.45,$2183.15,1
CUST_10953,43.0,Male,43,116.99,$5030.57,0
CUST_10193,68.0,Male,49,118.52,$5807.48,0
CUST_11089,35.0,Female,50,29.16,$1458.00,0
CUST_10102,79.0,Female,62,67.47,$4183.14,0
CUST_11111,73.0,Female,53,130.71,$6927.63,0
CUST_10074,45.0,Male,15,96.06,$1440.90,0
CUST_10588,,Male,56,122.54,$6862.24,0
CUST_11115,77.0,Female,43,96.35,$4143.05,0
CUST_10558,59.0,,52,148.6,$7727.20,0
CUST_11360,27.0,Male,56,91.42,$5119.52,0
CUST_11485,30.0,Male,6,78.12,$468.72,1
CUST_10071,70.0,Male,19,101.35,$1925.65,0
CUST_10356,52.0,Others,23,116.39,$2676.97,0
CUST_11350,30.0,,50,102.4,$5120.00,0
CUST_10062,35.0,Male,30,119.22,$3576.60,0
CUST_11487,64.0,Male,14,114.88,$1608.32,0
CUST_11241,79.0,Male,28,87.96,$2462.88,0
CUST_10691,52.0,Others,36,133.74,$4814.64,0
CUST_10898,42.0,Male,29,138.5,$4016.50,0
CUST_10952,53.0,Male,69,27.37,$1888.53,0
CUST_11304,,Female,25,60.3,$1507.50,0
CUST_10228,37.0,Female,12,59.47,$713.64,1
CUST_10406,63.0,Male,51,125.36,$6393.36,0
CUST_10718,34.0,Male,68,123.24,$8380.32,0
CUST_11187,65.0,Female,59,149.22,$8803.98,1
CUST_11483,71.0,Male,62,123.99,$7687.38,0
CUST_11099,41.0,Female,39,76.34,$2977.26,1
CUST_10769,58.0,Male,70,135.45,$9481.50,0
CUST_10762,29.0,Female,1,42.87,$42.87,1
CUST_10986,73.0,Male,61,70.87,$4323.07,0
CUST_11461,47.0,Female,17,131.53,$2236.01,0
CUST_10385,-15.0,Female,41,66.5,$2726.50,0
CUST_10314,51.0,,4,41.55,$166.20,1
CUST_11362,19.0,Male,66,101.64,$6708.24,0
CUST_10490,59.0,Male,65,102.84,$6684.60,0
CUST_11284,23.0,Female,35,131.71,$4609.85,0
CUST_10836,24.0,Male,47,86.23,$4052.81,0
CUST_10252,26.0,Female,53,142.52,$7553.56,0
CUST_10540,32.0,Male,10,136.78,$1367.80,0
CUST_10786,36.0,Male,58,81.4,$4721.20,0
CUST_10322,77.0,Female,61,78.87,$4811.07,0
CUST_10543,19.0,Female,53,62.35,$3304.55,0
CUST_10083,31.0,Male,14,118.68,$1661.52,0
CUST_11242,,Female,8,128.64,$1029.12,0
CUST_10868,61.0,Female,10,116.36,$1163.60,1
CUST_11398,77.0,Others,64,131.43,$8411.52,0
CUST_10929,48.0,Female,17,98.71,,0
CUST_10746,26.0,Male,11,55.92,$615.12,1
CUST_10454,78.0,Female,28,106.51,$2982.28,0
CUST_11068,47.0,Male,10,63.29,$632.90,1
CUST_10739,42.0,Female,59,87.94,$5188.46,0
CUST_11211,31.0,Female,59,125.37,$7396.83,0
CUST_10760,49.0,Male,39,103.17,$4023.63,0
CUST_11435,42.0,,22,47.97,$1055.34,0
CUST_10319,,Male,45,149.7,$6736.50,0
CUST_11067,47.0,Male,42,101.5,,0
CUST_10272,69.0,Others,67,36.97,$2476.99,0
CUST_10334,20.0,Male,31,124.65,$3864.15,0
CUST_11005,39.0,Female,3,137.91,$413.73,0
CUST_10428,65.0,Female,37,88.08,$3258.96,0
CUST_11015,38.0,Others,35,59.21,$2072.35,0
CUST_11190,43.0,Female,6,130.54,$783.24,0
CUST_10784,78.0,Female,43,137.85,$5927.55,0
CUST_10416,21.0,Male,23,123.82,$2847.86,0
CUST_10389,69.0,Female,64,115.94,$7420.16,0
CUST_10671,75.0,Others,5,62.17,$310.85,0
CUST_10286,19.0,Male,35,122.62,$4291.70,0
CUST_11444,57.0,Male,40,126.64,$5065.60,0
CUST_10007,78.0,Female,6,142.36,,0
CUST_11357,27.0,Male,38,28.36,$1077.68,0
CUST_11324,28.0,Female,32,111.43,$3565.76,0
CUST_10200,21.0,Female,32,55.01,$1760.32,0
CUST_10214,68.0,Male,24,124.24,$2981.76,1
CUST_11442,70.0,Male,64,42.05,$2691.20,0
CUST_11287,21.0,Others,24,35.88,$861.12,0
CUST_10245,30.0,Male,33,89.04,$2938.32,0
CUST_11269,69.0,Female,43,141.62,$6089.66,0
CUST_10142,68.0,Female,20,132.02,$2640.40,1
CUST_10348,,Female,21,59.99,$1259.79,0
CUST_10619,70.0,Male,42,136.7,$5741.40,0
CUST_10551,78.0,,60,136.8,$8208.00,0
CUST_10128,58.0,Female,33,25.63,$845.79,0
CUST_11387,70.0,Female,53,89.46,$4741.38,0
CUST_10653,56.0,Female,65,134.08,$8715.20,0
CUST_10215,39.0,Others,19,44.79,$851.01,1
CUST_11308,37.0,Male,11,62.68,$689.48,0
CUST_10806,53.0,Male,20,31.93,$638.60,1
CUST_10800,52.0,Male,6,30.87,$185.22,1
CUST_11392,29.0,Male,8,101.77,$814.16,0
CUST_10501,39.0,Female,37,125.75,$4652.75,1
CUST_10296,19.0,Male,25,87.56,$2189.00,0
CUST_10190,59.0,Female,68,52.88,$3595.84,0
CUST_10317,28.0,Male,14,81.8,$1145.20,1
CUST_10076,77.0,Female,39,51.35,$2002.65,1
CUST_11434,50.0,Female,38,115.14,$4375.32,1
CUST_11055,75.0,Female,32,84.65,$2708.80,0
CUST_10060,26.0,Male,25,149.55,$3738.75,0
CUST_10163,40.0,Female,30,73.77,$2213.10,0
CUST_10702,50.0,Male,53,69.97,$3708.41,0
CUST_10464,46.0,Male,57,43.97,$2506.29,0
CUST_11164,23.0,Female,55,65.74,$3615.70,0
CUST_11018,23.0,Male,1,131.67,$131.67,1
CUST_10411,33.0,Female,33,63.99,$2111.67,0
CUST_11007,44.0,Female,1,126.55,$126.55,0
CUST_11446,56.0,Male,44,121.8,$5359.20,0
CUST_11084,77.0,Male,67,56.95,$3815.65,0
CUST_11379,48.0,Male,46,132.12,$6077.52,0
CUST_11006,76.0,Female,38,58.43,$2220.34,0
CUST_10618,62.0,Female,43,41.96,$1804.28,0
CUST_10744,27.0,Male,34,80.67,$2742.78,1
CUST_10368,65.0,Female,24,118.93,$2854.32,0
CUST_10670,36.0,Female,40,133.52,$5340.80,0
CUST_11472,72.0,Female,44,84.42,$3714.48,0
CUST_11327,68.0,Female,18,128.67,$2316.06,0
CUST_10064,42.0,Male,49,67.0,$3283.00,0
CUST_11378,47.0,Female,16,117.27,$1876.32,0
CUST_11274,76.0,Female,35,49.15,$1720.25,0
CUST_10441,71.0,Male,16,87.59,$1401.44,0
CUST_10852,65.0,Male,62,82.46,$5112.52,0
CUST_10225,45.0,Female,54,97.06,$5241.24,0
CUST_10099,61.0,Female,65,88.29,$5738.85,0
CUST_10872,,Male,38,68.73,$2611.74,1
CUST_11182,39.0,Female,39,117.18,$4570.02,0
CUST_10093,59.0,Female,16,99.66,$1594.56,0
CUST_10321,26.0,Female,45,82.46,$3710.70,0
CUST_11391,51.0,Female,57,130.26,$7424.82,0
CUST_10207,60.0,Male,1,96.8,$96.80,1
CUST_10611,,Male,59,58.97,$3479.23,0
CUST_10375,72.0,Male,12,52.72,$632.64,1
CUST_10458,-15.0,Female,28,88.95,$2490.60,0
CUST_11292,47.0,Female,3,53.95,$161.85,1
CUST_10644,79.0,Male,65,126.97,$8253.05,0
CUST_10114,57.0,,53,148.96,$7894.88,0
CUST_11158,35.0,Female,67,135.81,$9099.27,0
CUST_10224,45.0,Male,11,42.45,$466.95,0
CUST_10529,53.0,Female,50,30.31,$1515.50,1
CUST_11272,76.0,Female,61,119.91,$7314.51,0
CUST_11141,57.0,Male,57,103.08,$5875.56,0
CUST_10103,53.0,Male,49,81.95,$4015.55,0
CUST_10139,25.0,Female,65,133.12,,0
CUST_10845,19.0,Female,54,71.52,$3862.08,0
CUST_10274,79.0,Male,10,146.08,$1460.80,0
CUST_10402,52.0,Male,13,46.41,$603.33,0
CUST_10923,35.0,Female,46,45.58,$2096.68,0
CUST_10993,,Female,63,90.43,$5697.09,0
CUST_10480,50.0,Male,25,51.54,$1288.50,0
CUST_10392,,,11,94.1,,0
CUST_10127,62.0,Female,57,48.67,$2774.19,0
CUST_11174,43.0,Male,61,48.12,$2935.32,0
CUST_10256,68.0,Female,7,137.41,$961.87,0
CUST_10476,70.0,Female,2,107.64,$215.28,0
CUST_10413,58.0,Female,55,38.89,$2138.95,0
CUST_10452,22.0,Male,18,86.53,$1557.54,1
CUST_11453,25.0,Female,53,33.71,$1786.63,0
CUST_10878,62.0,Male,29,33.64,,0
CUST_10774,37.0,Male,49,28.23,$1383.27,0
CUST_10601,79.0,Female,17,121.44,$2064.48,1
CUST_11301,57.0,Female,66,114.34,$7546.44,0
CUST_10931,70.0,Male,54,128.94,$6962.76,0
CUST_11374,41.0,Female,29,69.75,$2022.75,0
CUST_10222,70.0,Female,19,95.71,$1818.49,0
CUST_10320,50.0,Male,34,48.89,$1662.26,0
CUST_10361,,Female,52,112.21,$5834.92,0
CUST_10623,56.0,Male,22,112.55,$2476.10,0
CUST_10863,,Female,41,79.26,,0
CUST_11016,65.0,Male,68,138.98,$9450.64,0
CUST_10213,76.0,Male,17,136.99,$2328.83,0
CUST_10152,75.0,,64,132.89,$8504.96,0
CUST_10633,,Female,1,145.82,$145.82,0
CUST_10728,58.0,Male,25,39.56,$989.00,0
CUST_10262,,Female,38,59.76,$2270.88,0
CUST_10983,42.0,Female,56,78.52,,0
CUST_10944,55.0,Male,42,58.25,$2446.50,0
CUST_10886,25.0,Female,53,76.55,$4057.15,0
CUST_11302,54.0,Female,61,660.36,$3356.83,0
CUST_11437,50.0,Female,31,85.9,$2662.90,0
CUST_10266,58.0,Female,13,28.64,$372.32,0
CUST_10460,34.0,Female,54,60.98,$3292.92,0
CUST_11469,,Female,40,47.45,$1898.00,0
CUST_10001,56.0,Female,38,100.48,$3818.24,0
CUST_11028,54.0,Others,63,80.68,$5082.84,0
CUST_10579,64.0,Female,33,117.31,$3871.23,1
CUST_10792,48.0,Male,59,148.0,NULL_SYSTEM_ERROR,0
CUST_10648,33.0,Female,20,32.64,$652.80,1
CUST_11070,74.0,Female,34,33.86,$1151.24,1
CUST_11473,50.0,Female,38,122.88,$4669.44,0
CUST_10613,79.0,Male,9,99.82,$898.38,0
CUST_10720,25.0,,36,67.73,$2438.28,0
CUST_10646,22.0,Female,58,34.59,$2006.22,0
CUST_10654,53.0,Male,17,81.51,$1385.67,0
CUST_10135,26.0,Female,7,39.35,$275.45,0
CUST_11022,48.0,Male,27,53.91,$1455.57,0
CUST_10815,75.0,Male,67,145.98,$9780.66,0
CUST_10798,70.0,Female,69,111.34,$7682.46,0
CUST_10583,69.0,Male,70,57.09,$3996.30,0
CUST_10896,77.0,Female,59,64.88,$3827.92,0
CUST_10077,24.0,Male,2,94.56,$189.12,0
CUST_10449,45.0,Others,8,90.45,$723.60,0
CUST_11229,32.0,Male,45,124.14,$5586.30,0
CUST_10097,35.0,Female,12,102.45,$1229.40,0
CUST_10703,57.0,Female,62,63.37,$3928.94,0
CUST_10398,52.0,Male,44,116.74,,0
CUST_10903,23.0,Male,53,41.07,$2176.71,0
CUST_10341,50.0,Male,53,66.95,$3548.35,0
CUST_11268,23.0,Male,12,95.55,$1146.60,0
CUST_10651,65.0,Male,41,39.27,,0
CUST_11493,32.0,Male,59,102.09,$6023.31,0
CUST_11116,37.0,Female,25,84.84,$2121.00,1
CUST_10067,67.0,Male,66,139.37,$9198.42,0
CUST_10957,67.0,,61,64.97,$3963.17,0
CUST_11307,,Male,24,116.11,$2786.64,0
CUST_10374,76.0,Male,8,45.42,$363.36,1
CUST_11101,77.0,Female,17,136.88,$2326.96,0
CUST_10181,43.0,Male,35,70.19,$2456.65,0
CUST_10489,,Female,60,28.48,$1708.80,0
CUST_10044,-15.0,Female,64,71.98,$4606.72,0
CUST_11276,23.0,Male,16,84.06,$1344.96,0
CUST_11189,34.0,Male,9,109.25,$983.25,0
CUST_10630,43.0,Female,54,146.9,$7932.60,0
CUST_10981,22.0,Male,37,47.81,$1768.97,0
CUST_10628,-15.0,Female,10,116.55,$1165.50,0
CUST_10860,62.0,Others,62,26.38,,0
CUST_10196,66.0,Female,53,77.94,$4130.82,0
CUST_10706,61.0,Female,60,65.39,$3923.40,0
CUST_11138,33.0,Female,53,54.08,$2866.24,0
CUST_10446,38.0,Female,45,41.15,$1851.75,0
CUST_10553,75.0,Male,47,137.35,$6455.45,0
CUST_11035,38.0,Male,5,122.9,$614.50,1
CUST_10689,29.0,Male,63,134.85,$8495.55,0
CUST_10913,71.0,Female,65,86.82,$5643.30,0
CUST_10531,37.0,Female,32,137.84,$4410.88,0
CUST_11160,59.0,Male,54,132.87,$7174.98,0
CUST_10705,60.0,Male,57,109.81,$6259.17,0
CUST_10008,38.0,Female,27,136.75,NULL_SYSTEM_ERROR,0
CUST_10479,77.0,Female,35,106.3,$3720.50,0
CUST_11155,36.0,Female,45,95.3,$4288.50,0
CUST_10799,22.0,Male,27,116.1,$3134.70,0
CUST_10405,35.0,Male,56,67.19,$3762.64,0
CUST_10184,56.0,Male,18,53.28,$959.04,0
CUST_11022,48.0,Male,27,53.91,$1455.57,0
CUST_10768,52.0,,13,144.05,NULL_SYSTEM_ERROR,0
CUST_11205,40.0,,54,85.36,$4609.44,0
CUST_11424,56.0,,10,126.45,$1264.50,0
CUST_11328,62.0,Male,27,48.79,$1317.33,0
CUST_11405,77.0,Male,58,123.63,$7170.54,0
CUST_10410,52.0,Female,29,67.16,$1947.64,1
CUST_10985,27.0,Male,2,115.76,$231.52,0
CUST_11285,72.0,Male,38,115.66,$4395.08,0
CUST_10859,42.0,Male,28,149.26,$4179.28,0
CUST_10019,41.0,Female,61,118.96,,0
CUST_10870,56.0,Female,2,98.63,NULL_SYSTEM_ERROR,0
CUST_10752,53.0,Female,25,27.63,$690.75,0
CUST_10188,32.0,Male,17,102.12,$1736.04,0
CUST_11465,46.0,Male,39,32.89,$1282.71,0
CUST_11490,41.0,Female,39,56.36,$2198.04,0
CUST_11134,33.0,Female,45,54.31,,0
CUST_10281,73.0,Male,35,64.57,$2259.95,0
CUST_11121,70.0,Female,16,60.17,$962.72,0
CUST_11321,74.0,Male,38,134.08,$5095.04,0
CUST_11499,21.0,Female,3,135.6,$406.80,0
CUST_11061,67.0,Male,6,83.6,$501.60,0
CUST_10867,78.0,Male,3,62.85,$188.55,0
CUST_10692,77.0,Female,24,71.44,$1714.56,0
CUST_10879,30.0,Male,20,128.44,$2568.80,0
CUST_11010,50.0,Male,5,85.71,$428.55,0
CUST_10994,50.0,Male,22,140.19,$3084.18,0
CUST_10960,54.0,Female,62,25.12,$1557.44,0
CUST_10864,77.0,Male,49,40.95,$2006.55,0
CUST_10700,20.0,Female,23,123.93,$2850.39,0
CUST_11167,58.0,Male,60,27.28,,0
CUST_10421,37.0,Male,11,107.05,$1177.55,1
CUST_10271,75.0,Male,43,113.76,$4891.68,0
CUST_10002,69.0,Male,6,97.08,$582.48,1
CUST_11247,42.0,Female,70,121.0,$8470.00,0
CUST_11441,31.0,Female,69,59.95,$4136.55,0
CUST_11186,-15.0,Female,29,113.61,$3294.69,0
CUST_10771,34.0,Male,52,49.27,$2562.04,0
CUST_10572,56.0,Female,62,84.56,,0
CUST_10234,45.0,Female,41,100.21,$4108.61,0
CUST_10472,41.0,Others,46,27.3,NULL_SYSTEM_ERROR,0
CUST_10595,75.0,Male,55,53.25,$2928.75,0
CUST_10974,30.0,Female,8,73.24,$585.92,1
CUST_11046,66.0,Male,41,52.21,$2140.61,0
CUST_10382,20.0,Male,38,103.31,$3925.78,0
CUST_10875,56.0,Male,43,49.85,$2143.55,1
CUST_10157,25.0,Female,56,110.27,$6175.12,0
CUST_11384,61.0,Male,56,77.29,$4328.24,0
CUST_11452,68.0,Male,55,42.11,$2316.05,0
CUST_11149,46.0,Male,57,108.95,$6210.15,0
CUST_10542,51.0,Female,11,61.03,$671.33,1
CUST_10327,20.0,Female,34,77.48,,0
CUST_10585,30.0,Male,16,78.24,$1251.84,0
CUST_11122,19.0,,25,127.78,$3194.50,0
CUST_11352,20.0,Others,59,107.71,$6354.89,0
CUST_10982,64.0,Male,9,145.65,$1310.85,0
CUST_10082,52.0,Female,10,64.76,$647.60,0
CUST_11491,69.0,Female,25,37.57,$939.25,1
CUST_10133,42.0,Male,28,47.15,$1320.20,1
CUST_11495,25.0,Female,38,68.27,$2594.26,1
CUST_11012,58.0,Male,71,140.78,$9995.38,0
CUST_10597,43.0,Male,6,90.45,$542.70,0
CUST_10268,66.0,Male,61,44.54,$2716.94,0
CUST_10027,55.0,Male,49,49.94,$2447.06,0
CUST_11459,50.0,Male,18,132.81,$2390.58,0
CUST_10917,54.0,Female,49,103.37,$5065.13,0
CUST_10177,31.0,Female,30,56.74,,0
CUST_11496,22.0,Others,53,106.72,$5656.16,0
CUST_11299,68.0,Male,19,96.3,$1829.70,0
CUST_10359,33.0,Others,10,64.21,$642.10,0
CUST_10696,68.0,Female,34,83.74,$2847.16,0
CUST_11256,64.0,Male,56,127.54,$7142.24,0
CUST_10848,54.0,Female,24,47.65,$1143.60,0
CUST_10323,76.0,Female,16,63.06,$1008.96,1
CUST_10869,71.0,Female,35,112.59,$3940.65,0
CUST_10950,75.0,Female,47,135.74,$6379.78,0
CUST_11021,22.0,Female,60,108.67,,0
CUST_10170,39.0,Male,46,134.13,,0
CUST_10384,41.0,Male,8,59.97,$479.76,0
CUST_10484,49.0,Female,54,149.61,$8078.94,0
CUST_10781,66.0,Male,32,139.69,$4470.08,0
CUST_10435,63.0,Female,18,148.15,$2666.70,0
CUST_10708,30.0,Female,70,65.71,$4599.70,0
CUST_10665,51.0,Female,60,49.7,$2982.00,0
CUST_10242,79.0,Male,52,130.61,$6791.72,0
CUST_11414,43.0,Female,37,117.34,$4341.58,0
CUST_10723,27.0,Female,13,53.34,$693.42,0
CUST_10688,,Female,40,46.51,$1860.40,0
CUST_10747,41.0,Male,10,133.29,$1332.90,0
CUST_10754,66.0,Male,65,128.11,$8327.15,0
CUST_11129,68.0,Female,71,63.46,$4505.66,0
CUST_11310,28.0,Male,28,50.16,$1404.48,1
CUST_11230,42.0,Female,28,52.56,$1471.68,0
CUST_11395,18.0,Female,12,94.44,$1133.28,1
CUST_10716,52.0,Male,51,136.88,$6980.88,0
CUST_10423,25.0,Female,68,35.25,$2397.00,0
CUST_10694,50.0,Male,4,90.46,$361.84,0
CUST_10578,47.0,Female,44,70.58,$3105.52,0
CUST_10624,22.0,Male,27,121.31,$3275.37,0
CUST_10216,45.0,Male,37,31.47,$1164.39,0
CUST_10524,30.0,Female,44,35.21,$1549.24,0
CUST_10819,75.0,Female,53,86.3,$4573.90,0
CUST_11085,51.0,Male,40,90.95,$3638.00,0
CUST_10061,56.0,Female,46,124.5,$5727.00,0
CUST_11367,18.0,Others,54,102.29,$5523.66,0
CUST_11237,34.0,Male,4,112.45,$449.80,1
CUST_10174,52.0,Female,6,95.07,$570.42,0
CUST_11386,31.0,Female,27,142.09,$3836.43,0
CUST_10333,43.0,Female,56,80.28,$4495.68,0
CUST_10527,24.0,Male,5,40.97,$204.85,0
CUST_11159,45.0,Female,3,897.96,$224.49,0
CUST_11162,39.0,Female,40,91.83,$3673.20,0
CUST_10150,59.0,Female,49,142.53,$6983.97,0
CUST_10229,47.0,Female,21,50.53,$1061.13,0
CUST_11114,34.0,Male,17,72.05,$1224.85,0
CUST_10301,23.0,Male,13,137.7,$1790.10,1
CUST_11136,28.0,Male,3,139.73,$419.19,0
CUST_11075,32.0,Male,19,103.7,$1970.30,0
CUST_10592,73.0,Female,11,86.51,$951.61,0
CUST_10791,31.0,Female,4,142.12,$568.48,0
CUST_10500,64.0,Male,34,74.74,$2541.16,0
CUST_10063,21.0,Male,47,51.94,$2441.18,1
CUST_10336,37.0,Female,39,111.3,$4340.70,0
CUST_10238,50.0,Female,17,106.77,$1815.09,1
CUST_10028,19.0,Male,64,61.74,$3951.36,0
CUST_10089,19.0,Female,27,66.53,,0
CUST_10210,30.0,Female,13,137.22,$1783.86,1
CUST_11355,67.0,Female,40,99.55,$3982.00,0
CUST_10634,39.0,Female,32,103.51,$3312.32,0
CUST_11004,42.0,Male,55,123.5,,0
CUST_10258,61.0,Female,48,80.51,NULL_SYSTEM_ERROR,0
CUST_10465,63.0,Male,49,136.2,$6673.80,0
CUST_10574,23.0,Female,13,86.13,$1119.69,0
CUST_10065,77.0,Female,47,83.21,$3910.87,0
CUST_11213,73.0,Male,10,100.74,$1007.40,0
CUST_10295,79.0,Female,36,121.02,$4356.72,0
CUST_10112,74.0,Female,36,131.19,$4722.84,0
CUST_10052,72.0,Female,19,108.75,$2066.25,0
CUST_10973,46.0,Male,65,35.47,$2305.55,0
CUST_10552,39.0,Male,57,127.95,$7293.15,0
CUST_11432,40.0,Others,4,40.51,$162.04,0
CUST_10108,25.0,Female,28,124.31,$3480.68,0
CUST_11315,66.0,Male,51,97.89,,0
CUST_10109,31.0,Female,21,59.77,$1255.17,0
CUST_10199,49.0,Male,42,122.76,$5155.92,1
CUST_11351,60.0,Others,33,85.04,$2806.32,0
CUST_10560,32.0,Male,33,73.74,$2433.42,0
CUST_11331,23.0,Female,21,748.8,$1310.40,1
CUST_10808,40.0,Male,44,120.75,$5313.00,0
CUST_11238,56.0,Male,23,131.62,$3027.26,0
CUST_10003,46.0,,25,94.85,$2371.25,1
CUST_10926,66.0,Female,6,73.09,$438.54,1
CUST_10945,29.0,Female,50,66.6,$3330.00,0
CUST_11489,62.0,Male,4,142.97,$571.88,1
CUST_10011,36.0,Male,57,96.65,$5509.05,0
CUST_11415,79.0,Female,40,63.28,$2531.20,0
CUST_11200,73.0,Female,42,46.48,,0
CUST_10344,35.0,Male,17,128.77,$2189.09,0
CUST_11157,22.0,Female,64,122.81,$7859.84,0
CUST_10263,49.0,Female,67,52.12,$3492.04,0
CUST_10951,45.0,Male,63,127.01,$8001.63,0
CUST_10787,29.0,Female,33,66.3,$2187.90,0
CUST_10049,79.0,Female,45,30.68,$1380.60,0
CUST_10201,,Female,51,43.04,$2195.04,0
CUST_10549,75.0,Female,52,36.51,$1898.52,0
CUST_10916,77.0,Female,7,64.51,$451.57,1
CUST_11467,74.0,Female,32,109.09,$3490.88,0
CUST_10779,76.0,Female,67,57.26,$3836.42,0
CUST_11203,43.0,Male,13,42.38,$550.94,1
CUST_10066,31.0,Others,18,121.67,$2190.06,0
CUST_10032,29.0,Male,37,101.24,$3745.88,0
CUST_10698,54.0,Female,49,50.1,$2454.90,0
CUST_10632,68.0,Female,34,62.88,$2137.92,0
CUST_10107,32.0,Male,38,79.46,$3019.48,0
CUST_10096,46.0,Female,41,61.96,$2540.36,0
CUST_10933,71.0,Male,35,115.38,$4038.30,0
CUST_10958,45.0,Female,50,32.14,$1607.00,1
CUST_10672,49.0,Male,21,45.32,$951.72,1
CUST_10636,46.0,Others,67,109.51,$7337.17,0
CUST_10223,23.0,Female,64,47.83,$3061.12,0
CUST_10995,71.0,Female,11,126.51,$1391.61,0
CUST_11440,19.0,Female,62,75.99,$4711.38,0
CUST_10115,38.0,Female,30,92.63,$2778.90,0
CUST_10505,59.0,Male,33,70.34,$2321.22,0
CUST_11071,34.0,Female,28,68.72,$1924.16,0
CUST_10822,40.0,Female,12,102.19,$1226.28,0
CUST_11152,78.0,Female,49,29.71,$1455.79,1
CUST_10433,72.0,Female,41,88.39,$3623.99,0
CUST_10713,78.0,Female,38,77.83,$2957.54,0
CUST_10447,47.0,Female,34,37.44,$1272.96,1
CUST_11147,20.0,Male,22,134.68,$2962.96,0
CUST_10853,62.0,Female,29,109.47,$3174.63,0
CUST_10204,56.0,Female,44,90.45,$3979.80,0
CUST_10306,28.0,Others,36,114.11,$4107.96,0
CUST_11349,53.0,Female,20,83.03,$1660.60,0
CUST_11443,57.0,Male,10,116.0,$1160.00,1
CUST_11217,64.0,Male,50,119.32,$5966.00,0
CUST_10248,56.0,,15,111.67,$1675.05,1
CUST_10339,69.0,Female,55,31.55,,0
CUST_10811,56.0,Male,22,97.45,,0
CUST_11199,64.0,Male,62,39.83,$2469.46,0
CUST_11095,69.0,Female,49,81.41,$3989.09,0
CUST_10018,57.0,Female,13,98.62,$1282.06,0
CUST_11359,40.0,Male,28,38.27,$1071.56,1
CUST_10656,79.0,Male,41,25.02,$1025.82,1
CUST_10996,18.0,,58,128.15,$7432.70,0
CUST_11341,64.0,Others,4,93.07,$372.28,0
CUST_11263,61.0,Male,54,93.99,,0
CUST_10164,79.0,Male,59,69.39,$4094.01,0
CUST_10802,42.0,Male,64,36.39,$2328.96,0
CUST_10434,39.0,Male,47,104.74,$4922.78,0
CUST_10308,76.0,Female,66,65.54,$4325.64,0
CUST_11034,34.0,Female,55,61.18,$3364.90,0
CUST_10088,21.0,Female,70,61.56,$4309.20,0
CUST_10740,38.0,Male,31,33.51,$1038.81,0
